is_no,title,status,technical_committee,amendments,reaffirmed_year,price_in_india,price_outside_india,description,preview_url,preview_id
IS 10500 : 2012,Drinking Water - Specification (Second Revision),Active,FAD 25 (Drinking Water),3,2023,₹ 790.00,"₹ 7,900.00","ICS 13.060.20 FAD 25. NATIONAL FOREWORD: This Indian Standard (Second Revision) was adopted by the Bureau of Indian Standards after the draft finalized by the Drinking Water Sectional Committee had been approved by the Food and Agriculture Division Council. This standard prescribes the requirements and methods of sampling and test for drinking water (potable water) supplied through piped network, tankers, packaged drinking water, or ground sources. Key test parameters include physical, organoleptic, chemical, toxic substances, and bacteriological requirements (E. coli, coliforms). Mandatory under Scheme I for packaged drinking water (IS 14543) and packaged natural mineral water (IS 13428).",https://standardsbis.bsbedge.com/BIS_Preview.aspx?id=10500,10500
IS 14543 : 2016,Packaged Drinking Water (Other Than Packaged Natural Mineral Water) - Specification (Second Revision),Active,FAD 25 (Drinking Water),4,2021,₹ 620.00,"₹ 6,200.00","FAD 25. National Foreword: Prescribes the quality requirements and methods of sampling and testing for packaged drinking water other than packaged natural mineral water. Mandatory under BIS Scheme I (ISI Mark) and Food Safety and Standards Authority of India (FSSAI) regulations. Manufacturers must hold a valid BIS license before commercial production and sale. Requires testing for physical characteristics, pesticide residues, microbiological contaminants, and packaging containers conforming to food-grade plastics.",https://standardsbis.bsbedge.com/BIS_Preview.aspx?id=14543,14543
IS 1417 : 2016,"Gold and Gold Alloys, Jewellery/Artefacts - Fineness and Marking - Specification (Fourth Revision)",Active,MTD 10 (Precious Metals),2,2021,₹ 430.00,"₹ 4,300.00","ICS 39.060 MTD 10. National Foreword: Specifies requirements for gold alloys and fine gold jewellery/artefacts regarding fineness in parts per thousand (ppt) and their hallmarking. Recognized grades: 24K (995), 23K (958), 22K (916), 20K (833), 18K (750), and 14K (585). Hallmarking consists of three marks: BIS Logo, Purity/Fineness in carat & ppt (e.g., 22K916), and 6-digit alphanumeric Hallmark Unique Identification (HUID) code. Mandatory Hallmarking applies across notified districts in India under the BIS Hallmarking Scheme.",https://standardsbis.bsbedge.com/BIS_Preview.aspx?id=1417,1417
IS 2112 : 2014,"Silver and Silver Alloys, Jewellery/Artefacts - Fineness and Marking - Specification",Active,MTD 10 (Precious Metals),1,2020,₹ 340.00,"₹ 3,400.00","ICS 39.060 MTD 10. Prescribes the purity grades and hallmarking guidelines for silver jewellery and artefacts. Common grades include 990, 925 (Sterling Silver), 900, 835, and 800 parts per thousand. Governed under the BIS Hallmarking Scheme for Assaying and Hallmarking Centres (AHC).",https://standardsbis.bsbedge.com/BIS_Preview.aspx?id=2112,2112
IS 694 : 2010,Polyvinyl Chloride Insulated Unsheathed and Sheathed Cables/Cords with Rigid and Flexible Conductor for Working Voltages Up to and Including 450/750 V,Active,ETD 09 (Power Cables),2,2020,₹ 880.00,"₹ 8,800.00","ICS 29.060.20 ETD 09. Specifies the constructional and testing requirements for PVC insulated single-core and multi-core cables and flexible cords for household wiring and industrial distribution up to 1100 V. Mandatory ISI Mark under the Electrical Wires and Cables (Quality Control) Order. Mandatory testing includes insulation resistance, spark test, conductor resistance, tensile strength, and flame retardancy tests.",https://standardsbis.bsbedge.com/BIS_Preview.aspx?id=694,694
IS 16102 : Part 1 : 2012,Self-Ballasted LED Lamps for General Lighting Services - Part 1 Safety Requirements,Active,ETD 23 (Electric Lamps and their Auxiliaries),3,2022,₹ 520.00,"₹ 5,200.00","ICS 29.140.99 ETD 23. Specifies safety and interchangeability requirements for self-ballasted LED lamps with integrated means for controlling electrical operation, intended for domestic and similar general lighting purposes. Governed under BIS Scheme II - Compulsory Registration Scheme (CRS) administered by MeitY and BIS. Manufacturers must test products in BIS-recognized labs and register online via CRS portal.",https://standardsbis.bsbedge.com/BIS_Preview.aspx?id=16102_1,16102_1
IS 16102 : Part 2 : 2012,Self-Ballasted LED Lamps for General Lighting Services - Part 2 Performance Requirements,Active,ETD 23 (Electric Lamps and their Auxiliaries),2,2022,₹ 480.00,"₹ 4,800.00","ICS 29.140.99 ETD 23. Specifies performance requirements, lumen maintenance, luminous efficacy, color rendering index (CRI), correlated color temperature (CCT), and life testing for LED lamps used in general lighting.",https://standardsbis.bsbedge.com/BIS_Preview.aspx?id=16102_2,16102_2
IS 4151 : 2020,Protective Helmets for Two Wheeler Riders - Specification (Fourth Revision),Active,TXD 14 (Speciality Fabrics and Protective Clothing),1,2024,₹ 680.00,"₹ 6,800.00","ICS 13.340.20 TXD 14. Prescribes physical and safety requirements, construction, dimensions, performance, and testing for protective helmets for riders of two-wheeled motor vehicles. Mandatory ISI Mark under Ministry of Road Transport and Highways (MoRTH) QCO. Tests include impact attenuation, dynamic retention test, penetration resistance, rigidity, and visor optical properties. Helmets without valid ISI mark cannot be manufactured or sold in India.",https://standardsbis.bsbedge.com/BIS_Preview.aspx?id=4151,4151
IS 9873 : Part 1 : 2019,Safety of Toys - Part 1 Safety Aspects Related to Mechanical and Physical Properties,Active,PCD 12 (Plastics and Toys),1,2024,₹ 920.00,"₹ 9,200.00","ICS 97.200.50 PCD 12. Specifies safety requirements and test methods for mechanical and physical properties of toys intended for use by children under 14 years. Mandatory under Toys (Quality Control) Order, 2020 under Scheme I (ISI Mark). Foreign and domestic manufacturers must obtain BIS certification prior to marketing toys in India. Enforces drop test, small parts choking hazards, sharp edges, and tension tests.",https://standardsbis.bsbedge.com/BIS_Preview.aspx?id=9873_1,9873_1
IS 9873 : Part 3 : 2020,Safety of Toys - Part 3 Migration of Certain Elements (Toxic Metals Testing),Active,PCD 12 (Plastics and Toys),0,2024,₹ 550.00,"₹ 5,500.00","ICS 97.200.50 PCD 12. Prescribes maximum limits and methods of sampling and analysis for the migration of lead, mercury, cadmium, antimony, arsenic, barium, chromium, and selenium from accessible toy materials. Crucial compliance parameter for child health and toy manufacturing under BIS Scheme I.",https://standardsbis.bsbedge.com/BIS_Preview.aspx?id=9873_3,9873_3
IS 1786 : 2008,High Strength Deformed Steel Bars and Wires for Concrete Reinforcement - Specification (Fourth Revision),Active,MTD 04 (Wrought Steel Products),3,2023,₹ 740.00,"₹ 7,400.00","ICS 77.140.15 MTD 04. Specifies requirements for thermo-mechanically treated (TMT) and cold worked deformed steel bars and wires for concrete reinforcement in grades Fe 415, Fe 415D, Fe 500, Fe 500D, Fe 550, Fe 550D, Fe 600. Mandatory ISI Mark under Ministry of Steel Quality Control Order. Covers yield strength, elongation, bend and rebend tests, chemical composition, and rib geometry.",https://standardsbis.bsbedge.com/BIS_Preview.aspx?id=1786,1786
IS 269 : 2015,Ordinary Portland Cement - Specification (Sixth Revision),Active,CED 02 (Cement and Concrete),2,2020,₹ 620.00,"₹ 6,200.00","ICS 91.100.10 CED 02. Harmonized specification covering 33 grade, 43 grade, and 53 grade ordinary Portland cement. Mandatory BIS ISI Mark under Cement (Quality Control) Order. Mandatory parameters: compressive strength at 3, 7, and 28 days, fineness (specific surface by Blaine's air permeability), soundess (Le-Chatelier and autoclave), initial and final setting times.",https://standardsbis.bsbedge.com/BIS_Preview.aspx?id=269,269
IS 14286 : 2010 / IEC 61215 : 2005,Crystalline Silicon Terrestrial Photovoltaic (PV) Modules - Design Qualification and Type Approval,Active,ETD 28 (Solar Photovoltaic Energy Systems),1,2021,"₹ 1,120.00","₹ 11,200.00","ICS 27.160 ETD 28. Sets forth requirements for the design qualification and type approval of terrestrial crystalline silicon photovoltaic modules suitable for long-term operation in general open-air climates. Mandatory under Ministry of New and Renewable Energy (MNRE) Solar Photovoltaics (Quality Control) Order under BIS Scheme II (CRS). Qualification tests include thermal cycling, damp heat, mechanical load, hail impact, and electrical insulation tests.",https://standardsbis.bsbedge.com/BIS_Preview.aspx?id=14286,14286
IS 16046 : Part 2 : 2018 / IEC 62133-2 : 2017,Secondary Cells and Batteries Containing Alkaline or Other Non-Acid Electrolytes - Safety Requirements for Portable Sealed Secondary Cells: Part 2 Lithium Systems,Active,ETD 11 (Secondary Cells and Batteries),1,2023,₹ 820.00,"₹ 8,200.00","ICS 29.220.30 ETD 11. Safety requirements for portable sealed secondary lithium cells and batteries (for use in smartphones, laptops, power banks, and portable electronics). Mandatory under Compulsory Registration Scheme (CRS - Scheme II). Tests include continuous charging at constant voltage, external short circuit, free fall, thermal abuse, crush, and overcharging.",https://standardsbis.bsbedge.com/BIS_Preview.aspx?id=16046_2,16046_2
IS 13252 : Part 1 : 2010 / IEC 60950-1 : 2005,Information Technology Equipment - Safety: Part 1 General Requirements,Active,LITD 10 (IT and Software Components),2,2020,"₹ 1,840.00","₹ 18,400.00","ICS 35.020 LITD 10. Foundational standard under MeitY's Compulsory Registration Scheme (CRS) for electronic goods: laptops, tablets, servers, printers, displays, power adapters, and POS terminals. Prescribes electrical safety, insulation resistance, creepage and clearance distances, protection against electric shock, energy hazards, fire, and mechanical hazards.",https://standardsbis.bsbedge.com/BIS_Preview.aspx?id=13252_1,13252_1
IS 1885 : Part 30 : 2023 ( IEC 60050-601 : 1985),Electrotechnical Vocabulary - Part 30 Overhead Transmission and Distribution of Electrical Energy,Active,ETD 01,0,,₹ 340.00,"₹ 3,400.00",This standard was first published as IS 1885 (Part 30) : 1971 ‘Electrotechnical vocabulary: Part 30 Overhead transmission and distribution of electrical energy’ based on IEC 60050-25 : 1965. IEC 60050- 25 : 1965 was later withdrawn and IEC 60050-601:1985 was published to cover the requirement of electrotechnical vocabulary on overhead transmission and distribution of electrical energy.,https://standardsbis.bsbedge.com/BIS_Preview.aspx?id=1885_30_2023,1885_30_2023
IS 12032 : Part 6 : 1987 ( IEC 617-6 : 1983),Graphical Symbols for Diagrams in the Field of Electrotechnology: Part 6 Production and Conversion of Electrical Energy,Active,ETD 1,0,2019,₹ 430.00,"₹ 4,300.00","IS 12032 : Part 6 : 1987/IEC 617-6 : 1983 Graphical symbols for diagrams in the field of electrotechnology: Part 6 Production and conversion of electrical energy UDC 621.3.061 : 003.62 ETD 1 Reaffirmed 2019 National Foreword This Indian Standard (Part 6) which is identical with IEC Pub617-6 (1983) `Graphical symbols for diagrams - Part 6: Productionand conversion of electrical energy, issued by the InternationalElectrotechnical Commission (IEC), was adopted by the Bureau ofIndian Standards on the recommendation of the BasicElectrotechnical Standards Sectional Committee and approval of theElectrotechnical Division Council. Cross Reference International Standard Corresponding Indian Standard IEC Pub 76 : 1967 IS2026 Power transformers (in 4 parts) IEC Pub 375 : 1972 IS 9499 : 1980 Conventions concerningelectric and magnetic circuits | National Foreword This Indian Standard (Part 6) which is identical with IEC Pub617-6 (1983) `Graphical symbols for diagrams - Part 6: Productionand conversion of electrical energy, issued by the InternationalElectrotechnical Commission (IEC), was adopted by the Bureau ofIndian Standards on the recommendation of the BasicElectrotechnical Standards Sectional Committee and approval of theElectrotechnical Division Council. Cross Reference International Standard Corresponding Indian Standard IEC Pub 76 : 1967 IS2026 Power transformers (in 4 parts) IEC Pub 375 : 1972 IS 9499 : 1980 Conventions concerningelectric and magnetic circuits | This Indian Standard (Part 6) which is identical with IEC Pub617-6 (1983) `Graphical symbols for diagrams - Part 6: Productionand conversion of electrical energy, issued by the InternationalElectrotechnical Commission (IEC), was adopted by the Bureau ofIndian Standards on the recommendation of the BasicElectrotechnical Standards Sectional Committee and approval of theElectrotechnical Division Council. Cross Reference International Standard Corresponding Indian Standard IEC Pub 76 : 1967 IS2026 Power transformers (in 4 parts) IEC Pub 375 : 1972 IS 9499 : 1980 Conventions concerningelectric and magnetic circuits | Cross Reference International Standard Corresponding Indian Standard IEC Pub 76 : 1967 IS2026 Power transformers (in 4 parts) IEC Pub 375 : 1972 IS 9499 : 1980 Conventions concerningelectric and magnetic circuits",https://standardsbis.bsbedge.com/BIS_Preview.aspx?id=12032_6,12032_6
IS 12346 : 1999,Testing Equipment for AC Electrical Energy Meters,Active,ETD 13,0,2019,N/A,N/A,"IS 12346 : 1999 Testing Equipment for AC Electrical Energy Meters ICS 91.140.50 ETD 13 Reaffirmed 2019 1 Scope This standard is applicable to three-phase and/or single-phaseequipment used for type, routine and acceptance testing ofelectrical energy meters of Classes 0.2, 0.5, 1 and 2. | 1 Scope This standard is applicable to three-phase and/or single-phaseequipment used for type, routine and acceptance testing ofelectrical energy meters of Classes 0.2, 0.5, 1 and 2. | This standard is applicable to three-phase and/or single-phaseequipment used for type, routine and acceptance testing ofelectrical energy meters of Classes 0.2, 0.5, 1 and 2.",https://standardsbis.bsbedge.com/BIS_Preview.aspx?id=12346,12346
IS 13450 : Part 2 : Sec 76 : 2019 ( IEC 60601-2-76 : 2018),Medical Electrical Equipment Part 2 Particular Requirements for Basic Safety and Essential Performance Section 76 Low energy ionized gas haemostasis equipment,Active,MHD 15,0,,₹ 430.00,"₹ 4,300.00","The text of IEC Standard has been approved as suitable for publication as an Indian Standard without deviations. Certain terminologies and conventions are, however, not identical to those used in Indian Standards. Attention is particularly drawn to the following: a) Wherever the words ‘International Standard’ appear referring to this standard, they should be read as ‘Indian Standard’. b) Comma (,) has been used as a decimal marker, while in Indian Standards, the current practice is to use a point (.) as the decimal marker. | a) Wherever the words ‘International Standard’ appear referring to this standard, they should be read as ‘Indian Standard’. b) Comma (,) has been used as a decimal marker, while in Indian Standards, the current practice is to use a point (.) as the decimal marker. | b) Comma (,) has been used as a decimal marker, while in Indian Standards, the current practice is to use a point (.) as the decimal marker.",https://standardsbis.bsbedge.com/BIS_Preview.aspx?id=13450_2_76,13450_2_76
IS 16996 : 2018 ( IEC 60364-8-1 : 2014),Low-Voltage Electrical Installations — Energy Efficiency,Active,ETD 20,0,,₹ 680.00,"₹ 6,800.00","This standard provides additional requirements, measures and recommendations for the design, erection and verification of all types of low-voltage electrical installation including local production and storage of energy for optimizing the overall efficient use of electricity. This standard is applicable to the electrical installation of a building or system and does not apply to products. The energy efficiency of these products and their operational requirements are covered by the relevant product standards. This standard does not specifically address building automation systems. The text of IEC Standard has been approved as suitable for publication as an Indian Standard without deviations. Certain terminologies and conventions are, however, not identical to those used in Indian Standards. Attention is particularly drawn to the following: a) Wherever the words ‘International Standard’ appear referring to this standard, they should be read as ‘Indian Standard’. b) Comma (,) has been used as a decimal marker, while in Indian Standards, the current practice is to use a point (.) as the decimal marker. | This standard is applicable to the electrical installation of a building or system and does not apply to products. The energy efficiency of these products and their operational requirements are covered by the relevant product standards. This standard does not specifically address building automation systems. The text of IEC Standard has been approved as suitable for publication as an Indian Standard without deviations. Certain terminologies and conventions are, however, not identical to those used in Indian Standards. Attention is particularly drawn to the following: a) Wherever the words ‘International Standard’ appear referring to this standard, they should be read as ‘Indian Standard’. b) Comma (,) has been used as a decimal marker, while in Indian Standards, the current practice is to use a point (.) as the decimal marker. | This standard does not specifically address building automation systems. The text of IEC Standard has been approved as suitable for publication as an Indian Standard without deviations. Certain terminologies and conventions are, however, not identical to those used in Indian Standards. Attention is particularly drawn to the following: a) Wherever the words ‘International Standard’ appear referring to this standard, they should be read as ‘Indian Standard’. b) Comma (,) has been used as a decimal marker, while in Indian Standards, the current practice is to use a point (.) as the decimal marker. | The text of IEC Standard has been approved as suitable for publication as an Indian Standard without deviations. Certain terminologies and conventions are, however, not identical to those used in Indian Standards. Attention is particularly drawn to the following: a) Wherever the words ‘International Standard’ appear referring to this standard, they should be read as ‘Indian Standard’. b) Comma (,) has been used as a decimal marker, while in Indian Standards, the current practice is to use a point (.) as the decimal marker. | a) Wherever the words ‘International Standard’ appear referring to this standard, they should be read as ‘Indian Standard’. b) Comma (,) has been used as a decimal marker, while in Indian Standards, the current practice is to use a point (.) as the decimal marker. | b) Comma (,) has been used as a decimal marker, while in Indian Standards, the current practice is to use a point (.) as the decimal marker.",https://standardsbis.bsbedge.com/BIS_Preview.aspx?id=16996,16996
IS 17067 : Part 1 : 2018 ( IEC 62933-1 : 2018),Electrical Energy Storage Systems Part 1 Vocabulary,Active,ETD 52,0,,₹ 560.00,"₹ 5,600.00","The text of the IEC Standard has been approved as suitable for publication as an Indian Standard without deviations. Certain terminologies and conventions are, however, not identical to those used in Indian Standards. Attention is particularly drawn to the following: a) Wherever the words ‘International Standard’ appear referring to this standard, they should be read as ‘Indian Standard’. b) Comma (,) has been used as a decimal marker, while in Indian Standards the current practice is to use a point (.) as the decimal marker. | a) Wherever the words ‘International Standard’ appear referring to this standard, they should be read as ‘Indian Standard’. b) Comma (,) has been used as a decimal marker, while in Indian Standards the current practice is to use a point (.) as the decimal marker. | b) Comma (,) has been used as a decimal marker, while in Indian Standards the current practice is to use a point (.) as the decimal marker.",https://standardsbis.bsbedge.com/BIS_Preview.aspx?id=17067_1,17067_1
IS 282 : 1982,Hard-drawn copper conductors for overhead power transmission,withdrawn,ETD 37,0,1990,N/A,N/A,,https://standardsbis.bsbedge.com/BIS_Preview.aspx?id=282,282
IS 398 : Part 1 : 1996,Aluminium conductors for overhead transmission purposes: Part 1 Aluminium stranded conductors,Active,ETD 37,1,2018,N/A,N/A,IS 398 : Part 1 : 1996 Aluminium conductors for overhead transmission purposes: Part 1 Aluminium stranded conductors ICS 31.080 ETD 37 Reaffirmed 2018 1 Scope 1.1 This standard (Part 1) covers the requirements and tests foraluminium stranded conductors used for overhead transmissionpurposes. 2 References IS 1778 :1980 Reels and drums for bare conductors IS 1885 : Part 32 :1993 Electrotechnical vocabulary:Part 32 Electric cables IS 5484 :1978 EC grade aluminium rods produced by continuous casting and rolling IS 7623 :1993 Lithium base grease for industrial purposes | 1 Scope 1.1 This standard (Part 1) covers the requirements and tests foraluminium stranded conductors used for overhead transmissionpurposes. 2 References IS 1778 :1980 Reels and drums for bare conductors IS 1885 : Part 32 :1993 Electrotechnical vocabulary:Part 32 Electric cables IS 5484 :1978 EC grade aluminium rods produced by continuous casting and rolling IS 7623 :1993 Lithium base grease for industrial purposes | 1.1 This standard (Part 1) covers the requirements and tests foraluminium stranded conductors used for overhead transmissionpurposes. 2 References IS 1778 :1980 Reels and drums for bare conductors IS 1885 : Part 32 :1993 Electrotechnical vocabulary:Part 32 Electric cables IS 5484 :1978 EC grade aluminium rods produced by continuous casting and rolling IS 7623 :1993 Lithium base grease for industrial purposes | 2 References IS 1778 :1980 Reels and drums for bare conductors IS 1885 : Part 32 :1993 Electrotechnical vocabulary:Part 32 Electric cables IS 5484 :1978 EC grade aluminium rods produced by continuous casting and rolling IS 7623 :1993 Lithium base grease for industrial purposes | IS 1778 :1980 Reels and drums for bare conductors IS 1885 : Part 32 :1993 Electrotechnical vocabulary:Part 32 Electric cables IS 5484 :1978 EC grade aluminium rods produced by continuous casting and rolling IS 7623 :1993 Lithium base grease for industrial purposes | IS 1885 : Part 32 :1993 Electrotechnical vocabulary:Part 32 Electric cables IS 5484 :1978 EC grade aluminium rods produced by continuous casting and rolling IS 7623 :1993 Lithium base grease for industrial purposes | IS 5484 :1978 EC grade aluminium rods produced by continuous casting and rolling IS 7623 :1993 Lithium base grease for industrial purposes | IS 7623 :1993 Lithium base grease for industrial purposes,https://standardsbis.bsbedge.com/BIS_Preview.aspx?id=398_1,398_1
IS B398 : Part 1 : 1996,Aluminium Conductors for Overhead Transmission Purposes — Specification Part 1 Aluminium Stranded Conductors,Active,ETD 37,0,,N/A,N/A,,https://standardsbis.bsbedge.com/BIS_Preview.aspx?id=b398_1,b398_1
IS 398 : Part 2 : 2025,Aluminium Conductor for Overhead Transmission Purposes - Specification - Part 2 Aluminium Conductors Galvanized Steel Reinforced,Active,ETD 37,0,,N/A,N/A,"IS 398 : Part 2 : 2025 Aluminium Conductor for Overhead Transmission Purposes - Specification - Part 2 Aluminium Conductors Galvanized Steel Reinforced ICS 29.060.01; 29.240.20 ETD 37 1 SCOPE 1.1 This standard (Part 2) covers the requirements and tests for aluminium conductors galvanized steel reinforced (ACSR) used for overhead transmission lines. 1.2 This standard specifies the requirement of aluminium conductors galvanized steel reinforced with specified dimensions and number of wires. 2 REFERENCES The standards listed in Annex A contain provisions which, through reference in this text, constitute provisions of this standard. At the time of publication, the editions indicated were valid. All standards are subject to revision and parties to agreements based on this standard are encouraged to investigate the possibility of applying the most recent edition of these standards. | IS 398 : Part 2 : 2025 Aluminium Conductor for Overhead Transmission Purposes - Specification - Part 2 Aluminium Conductors Galvanized Steel Reinforced | 1.1 This standard (Part 2) covers the requirements and tests for aluminium conductors galvanized steel reinforced (ACSR) used for overhead transmission lines. | 1.2 This standard specifies the requirement of aluminium conductors galvanized steel reinforced with specified dimensions and number of wires. | The standards listed in Annex A contain provisions which, through reference in this text, constitute provisions of this standard. At the time of publication, the editions indicated were valid. All standards are subject to revision and parties to agreements based on this standard are encouraged to investigate the possibility of applying the most recent edition of these standards.",https://standardsbis.bsbedge.com/BIS_Preview.aspx?id=398_2_2025,398_2_2025
IS 398 : Part 3 : 1976,"Aluminium conductors for overhead transmission purposes: Part 3 Aluminium conductors, aluminized steel reinforced",Active,ETD 37,3,2019,N/A,N/A,"IS 398 : Part 3 : 1976 Aluminium conductors for overhead transmission purposes: Part 3 Aluminium conductors, aluminized steel reinforced UDC 621.315.55 : 669.71 : 621.315.1 ETD 37 Reaffirmed 2014",https://standardsbis.bsbedge.com/BIS_Preview.aspx?id=398_3_1976_reff2019,398_3_1976_reff2019
IS 398 : Part 4 : 1994,Aluminium conductors for overhead transmission purposes: Part 4 Aluminium alloy stranded conductors (aluminium magnesium silicon type),Active,ETD 37,1,2021,N/A,N/A,"IS 398 : Part 4 : 1994 Aluminium conductors for overhead transmission purposes: Part 4 Aluminium alloy stranded conductors (aluminium magnesium silicon type) UDC 621.315.145 : 621.315.55 [669.71 - 427] ETD 37 Reaffirmed 2021 1 Scope 1.1 This standard (Part 4) covers the requirements and tests for aluminium alloy stranded conductors of the aluminium-magnesium-silicon type for overhead power transmissionpurposes. 2 References IS 1885 : Part 32 :1971 Electrotechnical vocabulary: Part 32 Cables, conductors and accessories for electricity supply IS 9997 :1981 Aluminium alloy redraw rods for electrical purposes | 1 Scope 1.1 This standard (Part 4) covers the requirements and tests for aluminium alloy stranded conductors of the aluminium-magnesium-silicon type for overhead power transmissionpurposes. 2 References IS 1885 : Part 32 :1971 Electrotechnical vocabulary: Part 32 Cables, conductors and accessories for electricity supply IS 9997 :1981 Aluminium alloy redraw rods for electrical purposes | 1.1 This standard (Part 4) covers the requirements and tests for aluminium alloy stranded conductors of the aluminium-magnesium-silicon type for overhead power transmissionpurposes. 2 References IS 1885 : Part 32 :1971 Electrotechnical vocabulary: Part 32 Cables, conductors and accessories for electricity supply IS 9997 :1981 Aluminium alloy redraw rods for electrical purposes | 2 References IS 1885 : Part 32 :1971 Electrotechnical vocabulary: Part 32 Cables, conductors and accessories for electricity supply IS 9997 :1981 Aluminium alloy redraw rods for electrical purposes | IS 1885 : Part 32 :1971 Electrotechnical vocabulary: Part 32 Cables, conductors and accessories for electricity supply IS 9997 :1981 Aluminium alloy redraw rods for electrical purposes | IS 9997 :1981 Aluminium alloy redraw rods for electrical purposes",https://standardsbis.bsbedge.com/BIS_Preview.aspx?id=398_4_1994_reff2021,398_4_1994_reff2021
IS 375 : 1963,"Marking and arrangement for switchgears bus-bars, main connections and auxiliary wiring",withdrawn,ETD 7,0,,N/A,N/A,,https://standardsbis.bsbedge.com/BIS_Preview.aspx?id=375,375
IS/IEC 517 : 1990,Gas Insulated Metal Enclosed Switchgear for Rated Voltages of 72.5 kV and above,withdrawn,ETD 8,1,2012,N/A,N/A,,https://standardsbis.bsbedge.com/BIS_Preview.aspx?id=ie517,ie517
IS 1885 : Part 17 : 2024 ( IEC 60050-441 : 1984),Electrotechnical Vocabulary - Part 17 Switchgear and Control Gear,Active,ETD 01,0,,₹ 770.00,"₹ 7,700.00","IS 1885 : Part 17 : 2024/IEC 60050-441 : 1984 Electrotechnical Vocabulary - Part 17 Switchgear and Control Gear | ICS 01.040.29; 29.120.50; 29.130 | This standard was first revised in 1979 to align it with IEC 60050-441 : 1974. This second revision has been undertaken to take into consideration the developments that have taken place subsequently and also to align with the latest version of IEC 60050-441 : 1984 | The text of IEC standard has been approved as suitable for publication as an Indian Standard without deviations. Certain terminologies and conventions are, however, not identical to those used in Indian Standards. Attention is particularly drawn to the following: | a) Wherever the words 'International Standard' appear referring to this standard, they should be read as 'Indian Standard'; and | b) Comma (,) has been used as a decimal marker, while in Indian Standards the current practice is to use a point (.) as the decimal marker.",https://standardsbis.bsbedge.com/BIS_Preview.aspx?id=1885_17_2024,1885_17_2024
IS 2032 : Part 7 : 1974,Graphical symbols used in electrotechnology: Part 7 Switchgear and auxiliaries,withdrawn,ETD 1,0,,N/A,N/A,,https://standardsbis.bsbedge.com/BIS_Preview.aspx?id=2032_7,2032_7
IS 2147 : 1962,Degrees of protection provided by enclosures for low voltage switchgear and controlgear,withdrawn,ETD 17,0,,N/A,N/A,,https://standardsbis.bsbedge.com/BIS_Preview.aspx?id=2147,2147
IS 3072 : 1975,Code of practice for installation and maintenance of switchgear,withdrawn,ETD 7,0,,N/A,N/A,,https://standardsbis.bsbedge.com/BIS_Preview.aspx?id=3072,3072
IS 591 : 1964,Mains transformers for electronic equipment,withdrawn,LTD 8,0,,N/A,N/A,,https://standardsbis.bsbedge.com/BIS_Preview.aspx?id=591,591
IS 592 : 1954,"Audio output transformers for radio receivers, amplifiers, small transmitters and similar other purposes (tentative)",withdrawn,LTD 8,0,,N/A,N/A,,https://standardsbis.bsbedge.com/BIS_Preview.aspx?id=592,592
IS 722 : Part 3 : 1977,"AC electricity meters: Part 3 Three-phase whole current and transformer operated and single-phase transformer operated watt-hour meters, class 2",withdrawn,ETD 13,0,1991,N/A,N/A,,https://standardsbis.bsbedge.com/BIS_Preview.aspx?id=722_3,722_3
IS 722 : Part 9 : 1972,AC electricity meters: Part 9 Three-phase whole current and transformer operated watthour meters and single-phase two-wire transformer operated watthour meters (class 1.0),withdrawn,ETD 13,0,1991,N/A,N/A,,https://standardsbis.bsbedge.com/BIS_Preview.aspx?id=722_9,722_9
IS 1180 : Part 1 : 2014,"Outdoor Type Oil Immersed Distribution Transformers Upto and Including 2 500 kVA, 33kV - Specification Part 1 Mineral Oil Immersed (Fourth Revision)",Active,ETD 16,4,2019,N/A,N/A,"IS 1180 : Part 1 : 2014 : Outdoor Type Oil Immersed Distribution Transformers Upto and Including 2 500 kVA, 33kV - Specification Part 1 Mineral Oil Immersed (Fourth Revision) ICS 29.180 ETD 16 Reaffirmed 2019 [Amalgating IS 1180 (Part 2) : 1989] 1 SCOPE This standard specifies the requirements and tests including standard loss levels of mineral oilimmersed, natural air-cooled, outdoor type, doublewound distribution transformers for use in power distribution systems with nominal system voltages up to and including 33 kV and of following types and ratings: a) Three phase ratings up to and including 200 kVA both non-sealed type and sealed type. b) Three phase ratings higher than 200 kVA, up to and including 2 500 kVA both non-sealed type and sealed type. c) Single phase ratings up to and including 25 kVA sealed type. | Reaffirmed 2019 [Amalgating IS 1180 (Part 2) : 1989] 1 SCOPE This standard specifies the requirements and tests including standard loss levels of mineral oilimmersed, natural air-cooled, outdoor type, doublewound distribution transformers for use in power distribution systems with nominal system voltages up to and including 33 kV and of following types and ratings: a) Three phase ratings up to and including 200 kVA both non-sealed type and sealed type. b) Three phase ratings higher than 200 kVA, up to and including 2 500 kVA both non-sealed type and sealed type. c) Single phase ratings up to and including 25 kVA sealed type. | [Amalgating IS 1180 (Part 2) : 1989] 1 SCOPE This standard specifies the requirements and tests including standard loss levels of mineral oilimmersed, natural air-cooled, outdoor type, doublewound distribution transformers for use in power distribution systems with nominal system voltages up to and including 33 kV and of following types and ratings: a) Three phase ratings up to and including 200 kVA both non-sealed type and sealed type. b) Three phase ratings higher than 200 kVA, up to and including 2 500 kVA both non-sealed type and sealed type. c) Single phase ratings up to and including 25 kVA sealed type. | 1 SCOPE This standard specifies the requirements and tests including standard loss levels of mineral oilimmersed, natural air-cooled, outdoor type, doublewound distribution transformers for use in power distribution systems with nominal system voltages up to and including 33 kV and of following types and ratings: a) Three phase ratings up to and including 200 kVA both non-sealed type and sealed type. b) Three phase ratings higher than 200 kVA, up to and including 2 500 kVA both non-sealed type and sealed type. c) Single phase ratings up to and including 25 kVA sealed type. | This standard specifies the requirements and tests including standard loss levels of mineral oilimmersed, natural air-cooled, outdoor type, doublewound distribution transformers for use in power distribution systems with nominal system voltages up to and including 33 kV and of following types and ratings: a) Three phase ratings up to and including 200 kVA both non-sealed type and sealed type. b) Three phase ratings higher than 200 kVA, up to and including 2 500 kVA both non-sealed type and sealed type. c) Single phase ratings up to and including 25 kVA sealed type. | a) Three phase ratings up to and including 200 kVA both non-sealed type and sealed type. b) Three phase ratings higher than 200 kVA, up to and including 2 500 kVA both non-sealed type and sealed type. c) Single phase ratings up to and including 25 kVA sealed type. | b) Three phase ratings higher than 200 kVA, up to and including 2 500 kVA both non-sealed type and sealed type. c) Single phase ratings up to and including 25 kVA sealed type. | c) Single phase ratings up to and including 25 kVA sealed type.",https://standardsbis.bsbedge.com/BIS_Preview.aspx?id=1180_1,1180_1
IS 1180 : Part 2 : 1989,Outdoor Type Three-phase Distribution Transformers Up To And Including 100 Kva 11 Kv:part 2 Sealed Type,withdrawn,ETD 16,1,2008,N/A,N/A,,https://standardsbis.bsbedge.com/BIS_Preview.aspx?id=1180_2,1180_2
IS 779 : 1994,Water Meters (Domestic Type),Active,CED 3,5,2020,N/A,N/A,"IS 779 : 1994 Water Meters (Domestic Type) - Specification UDC 68.1121 CED3 Reaffirmed 2020 1 Scope This standard covers terminology, construction, technical characteristics, metrological characteristics and other requirements of water meters with threaded end connections of size up to and including 50 mm, having nominal flow rates in the range of 1.5 to 15 kl/h, suitable for measuring the flow of cold potable water at a nominal pressure of 1 MPa (Max) and ambient temperature. This standard is applicable both for semipositive (piston type) and inferential (turbine type) including magnetic type water meters having dry or wet dial. 2 References IS 292 : 1983 Leaded brass Ingots and castings IS 318 : 1981 Leaded tin bronze ingots and castings IS 319 : 1989 Free cutting brass bars, rods and sections IS 320 : 1980 High tensile brass rods and sections (other than forgings stock) IS 410 : 1977 Cold rolled brass sheet, strip and foil IS 531 : 1981 Leaded brass strip for instrument parts IS 1264 : 1989 Brass gravity die castings (ingots and castings) IS 2267 : 1972 Polystyrene moulding materials IS 2643 Dimensions for pipe fastening purposes: Part 1 : 1975 Tolerances Part 2 : 1975 Basic profiles and Part 3 : 1975 Limits of sizes IS 4131 : 1967 Nickel copper alloy castings IS 4905 : 1968 Methods for random sampling IS 6603 : 1972 Stainless steel bars and flats IS 6784 : 1984 Methods for performance testing of water meters IS 6911 : 1992 Stainless steel plate, sheet and strip IS 7328 : 1992 High density polyethylene materials for moulding and extrusion Footnote 1 1 MPa = N/mm 2 = 9.8kgf/cm 2 | UDC 68.1121 CED3 Reaffirmed 2020 1 Scope This standard covers terminology, construction, technical characteristics, metrological characteristics and other requirements of water meters with threaded end connections of size up to and including 50 mm, having nominal flow rates in the range of 1.5 to 15 kl/h, suitable for measuring the flow of cold potable water at a nominal pressure of 1 MPa (Max) and ambient temperature. This standard is applicable both for semipositive (piston type) and inferential (turbine type) including magnetic type water meters having dry or wet dial. 2 References IS 292 : 1983 Leaded brass Ingots and castings IS 318 : 1981 Leaded tin bronze ingots and castings IS 319 : 1989 Free cutting brass bars, rods and sections IS 320 : 1980 High tensile brass rods and sections (other than forgings stock) IS 410 : 1977 Cold rolled brass sheet, strip and foil IS 531 : 1981 Leaded brass strip for instrument parts IS 1264 : 1989 Brass gravity die castings (ingots and castings) IS 2267 : 1972 Polystyrene moulding materials IS 2643 Dimensions for pipe fastening purposes: Part 1 : 1975 Tolerances Part 2 : 1975 Basic profiles and Part 3 : 1975 Limits of sizes IS 4131 : 1967 Nickel copper alloy castings IS 4905 : 1968 Methods for random sampling IS 6603 : 1972 Stainless steel bars and flats IS 6784 : 1984 Methods for performance testing of water meters IS 6911 : 1992 Stainless steel plate, sheet and strip IS 7328 : 1992 High density polyethylene materials for moulding and extrusion Footnote 1 1 MPa = N/mm 2 = 9.8kgf/cm 2 | Reaffirmed 2020 1 Scope This standard covers terminology, construction, technical characteristics, metrological characteristics and other requirements of water meters with threaded end connections of size up to and including 50 mm, having nominal flow rates in the range of 1.5 to 15 kl/h, suitable for measuring the flow of cold potable water at a nominal pressure of 1 MPa (Max) and ambient temperature. This standard is applicable both for semipositive (piston type) and inferential (turbine type) including magnetic type water meters having dry or wet dial. 2 References IS 292 : 1983 Leaded brass Ingots and castings IS 318 : 1981 Leaded tin bronze ingots and castings IS 319 : 1989 Free cutting brass bars, rods and sections IS 320 : 1980 High tensile brass rods and sections (other than forgings stock) IS 410 : 1977 Cold rolled brass sheet, strip and foil IS 531 : 1981 Leaded brass strip for instrument parts IS 1264 : 1989 Brass gravity die castings (ingots and castings) IS 2267 : 1972 Polystyrene moulding materials IS 2643 Dimensions for pipe fastening purposes: Part 1 : 1975 Tolerances Part 2 : 1975 Basic profiles and Part 3 : 1975 Limits of sizes IS 4131 : 1967 Nickel copper alloy castings IS 4905 : 1968 Methods for random sampling IS 6603 : 1972 Stainless steel bars and flats IS 6784 : 1984 Methods for performance testing of water meters IS 6911 : 1992 Stainless steel plate, sheet and strip IS 7328 : 1992 High density polyethylene materials for moulding and extrusion Footnote 1 1 MPa = N/mm 2 = 9.8kgf/cm 2 | 1 Scope This standard covers terminology, construction, technical characteristics, metrological characteristics and other requirements of water meters with threaded end connections of size up to and including 50 mm, having nominal flow rates in the range of 1.5 to 15 kl/h, suitable for measuring the flow of cold potable water at a nominal pressure of 1 MPa (Max) and ambient temperature. This standard is applicable both for semipositive (piston type) and inferential (turbine type) including magnetic type water meters having dry or wet dial. 2 References IS 292 : 1983 Leaded brass Ingots and castings IS 318 : 1981 Leaded tin bronze ingots and castings IS 319 : 1989 Free cutting brass bars, rods and sections IS 320 : 1980 High tensile brass rods and sections (other than forgings stock) IS 410 : 1977 Cold rolled brass sheet, strip and foil IS 531 : 1981 Leaded brass strip for instrument parts IS 1264 : 1989 Brass gravity die castings (ingots and castings) IS 2267 : 1972 Polystyrene moulding materials IS 2643 Dimensions for pipe fastening purposes: Part 1 : 1975 Tolerances Part 2 : 1975 Basic profiles and Part 3 : 1975 Limits of sizes IS 4131 : 1967 Nickel copper alloy castings IS 4905 : 1968 Methods for random sampling IS 6603 : 1972 Stainless steel bars and flats IS 6784 : 1984 Methods for performance testing of water meters IS 6911 : 1992 Stainless steel plate, sheet and strip IS 7328 : 1992 High density polyethylene materials for moulding and extrusion Footnote 1 1 MPa = N/mm 2 = 9.8kgf/cm 2 | This standard covers terminology, construction, technical characteristics, metrological characteristics and other requirements of water meters with threaded end connections of size up to and including 50 mm, having nominal flow rates in the range of 1.5 to 15 kl/h, suitable for measuring the flow of cold potable water at a nominal pressure of 1 MPa (Max) and ambient temperature. This standard is applicable both for semipositive (piston type) and inferential (turbine type) including magnetic type water meters having dry or wet dial. 2 References IS 292 : 1983 Leaded brass Ingots and castings IS 318 : 1981 Leaded tin bronze ingots and castings IS 319 : 1989 Free cutting brass bars, rods and sections IS 320 : 1980 High tensile brass rods and sections (other than forgings stock) IS 410 : 1977 Cold rolled brass sheet, strip and foil IS 531 : 1981 Leaded brass strip for instrument parts IS 1264 : 1989 Brass gravity die castings (ingots and castings) IS 2267 : 1972 Polystyrene moulding materials IS 2643 Dimensions for pipe fastening purposes: Part 1 : 1975 Tolerances Part 2 : 1975 Basic profiles and Part 3 : 1975 Limits of sizes IS 4131 : 1967 Nickel copper alloy castings IS 4905 : 1968 Methods for random sampling IS 6603 : 1972 Stainless steel bars and flats IS 6784 : 1984 Methods for performance testing of water meters IS 6911 : 1992 Stainless steel plate, sheet and strip IS 7328 : 1992 High density polyethylene materials for moulding and extrusion Footnote 1 1 MPa = N/mm 2 = 9.8kgf/cm 2 | This standard is applicable both for semipositive (piston type) and inferential (turbine type) including magnetic type water meters having dry or wet dial. 2 References IS 292 : 1983 Leaded brass Ingots and castings IS 318 : 1981 Leaded tin bronze ingots and castings IS 319 : 1989 Free cutting brass bars, rods and sections IS 320 : 1980 High tensile brass rods and sections (other than forgings stock) IS 410 : 1977 Cold rolled brass sheet, strip and foil IS 531 : 1981 Leaded brass strip for instrument parts IS 1264 : 1989 Brass gravity die castings (ingots and castings) IS 2267 : 1972 Polystyrene moulding materials IS 2643 Dimensions for pipe fastening purposes: Part 1 : 1975 Tolerances Part 2 : 1975 Basic profiles and Part 3 : 1975 Limits of sizes IS 4131 : 1967 Nickel copper alloy castings IS 4905 : 1968 Methods for random sampling IS 6603 : 1972 Stainless steel bars and flats IS 6784 : 1984 Methods for performance testing of water meters IS 6911 : 1992 Stainless steel plate, sheet and strip IS 7328 : 1992 High density polyethylene materials for moulding and extrusion Footnote 1 1 MPa = N/mm 2 = 9.8kgf/cm 2 | 2 References IS 292 : 1983 Leaded brass Ingots and castings IS 318 : 1981 Leaded tin bronze ingots and castings IS 319 : 1989 Free cutting brass bars, rods and sections IS 320 : 1980 High tensile brass rods and sections (other than forgings stock) IS 410 : 1977 Cold rolled brass sheet, strip and foil IS 531 : 1981 Leaded brass strip for instrument parts IS 1264 : 1989 Brass gravity die castings (ingots and castings) IS 2267 : 1972 Polystyrene moulding materials IS 2643 Dimensions for pipe fastening purposes: Part 1 : 1975 Tolerances Part 2 : 1975 Basic profiles and Part 3 : 1975 Limits of sizes IS 4131 : 1967 Nickel copper alloy castings IS 4905 : 1968 Methods for random sampling IS 6603 : 1972 Stainless steel bars and flats IS 6784 : 1984 Methods for performance testing of water meters IS 6911 : 1992 Stainless steel plate, sheet and strip IS 7328 : 1992 High density polyethylene materials for moulding and extrusion Footnote 1 1 MPa = N/mm 2 = 9.8kgf/cm 2 | IS 292 : 1983 Leaded brass Ingots and castings IS 318 : 1981 Leaded tin bronze ingots and castings IS 319 : 1989 Free cutting brass bars, rods and sections IS 320 : 1980 High tensile brass rods and sections (other than forgings stock) IS 410 : 1977 Cold rolled brass sheet, strip and foil IS 531 : 1981 Leaded brass strip for instrument parts IS 1264 : 1989 Brass gravity die castings (ingots and castings) IS 2267 : 1972 Polystyrene moulding materials IS 2643 Dimensions for pipe fastening purposes: Part 1 : 1975 Tolerances Part 2 : 1975 Basic profiles and Part 3 : 1975 Limits of sizes IS 4131 : 1967 Nickel copper alloy castings IS 4905 : 1968 Methods for random sampling IS 6603 : 1972 Stainless steel bars and flats IS 6784 : 1984 Methods for performance testing of water meters IS 6911 : 1992 Stainless steel plate, sheet and strip IS 7328 : 1992 High density polyethylene materials for moulding and extrusion Footnote 1 1 MPa = N/mm 2 = 9.8kgf/cm 2",https://standardsbis.bsbedge.com/BIS_Preview.aspx?id=779_1994_reff2020,779_1994_reff2020
IS 1448 : Part 142 : 2021,Determination of water separation characteristics of aviation turbine fuels by portable separometer,Active,PCD 1,0,,N/A,N/A,"IS 1448 : Part 142 : 2021 Methods of Test for Petroleum and its Products - Part 142 Determination of Water Separation Characteristics of Aviation Turbine Fuels by Portable Separometer ICS 75.080 PCD 01 Revised Standard from Last Update. 1 SCOPE 1.1 This standard (Part 142) describes a test method by rapid portable equipment, that can be used in field and laboratory use to rate the ability of aviation turbine fuels to release entrained or emulsified water when passed through fiberglass coalescing material. 1.2 This test method contains two different modes of operating test equipment based on rate of fuel flow through the fiberglass coalescing material. The test methods are dependent on the particular fuel to be tested. WARNING â€” The use of this document can involve hazardous materials, operations and equipment. This Standard does not purport to address all of the safety problems associated with its use. It is the responsibility of users of this standard to take appropriate measures to ensure the safety and health of personnel prior to the application of the standard, and to determine the applicability of regulatory limitations and any other restrictions for this purpose. 2 REFERENCES The standards given below contain provisions which, through reference in this text, constitute provisions of this standard. At the time of publication, the editions indicated were valid. All standards are subject to revision, and parties to agreements based on this standard are encouraged to investigate the possibility of applying the most recent editions of these standards. IS No. Title 1070 : 1992 Reagent grade water â€” Specification (third revision) 1448 (Part 137) : 1991 Methods of test for petroleum and its products: Part 137 Water separation characteristics of aviation turbine fuels | IS 1448 : Part 142 : 2021 Methods of Test for Petroleum and its Products - Part 142 Determination of Water Separation Characteristics of Aviation Turbine Fuels by Portable Separometer | Revised Standard from Last Update. 1 SCOPE 1.1 This standard (Part 142) describes a test method by rapid portable equipment, that can be used in field and laboratory use to rate the ability of aviation turbine fuels to release entrained or emulsified water when passed through fiberglass coalescing material. 1.2 This test method contains two different modes of operating test equipment based on rate of fuel flow through the fiberglass coalescing material. The test methods are dependent on the particular fuel to be tested. WARNING â€” The use of this document can involve hazardous materials, operations and equipment. This Standard does not purport to address all of the safety problems associated with its use. It is the responsibility of users of this standard to take appropriate measures to ensure the safety and health of personnel prior to the application of the standard, and to determine the applicability of regulatory limitations and any other restrictions for this purpose. 2 REFERENCES The standards given below contain provisions which, through reference in this text, constitute provisions of this standard. At the time of publication, the editions indicated were valid. All standards are subject to revision, and parties to agreements based on this standard are encouraged to investigate the possibility of applying the most recent editions of these standards. IS No. Title 1070 : 1992 Reagent grade water â€” Specification (third revision) 1448 (Part 137) : 1991 Methods of test for petroleum and its products: Part 137 Water separation characteristics of aviation turbine fuels | 1.1 This standard (Part 142) describes a test method by rapid portable equipment, that can be used in field and laboratory use to rate the ability of aviation turbine fuels to release entrained or emulsified water when passed through fiberglass coalescing material. 1.2 This test method contains two different modes of operating test equipment based on rate of fuel flow through the fiberglass coalescing material. The test methods are dependent on the particular fuel to be tested. WARNING â€” The use of this document can involve hazardous materials, operations and equipment. This Standard does not purport to address all of the safety problems associated with its use. It is the responsibility of users of this standard to take appropriate measures to ensure the safety and health of personnel prior to the application of the standard, and to determine the applicability of regulatory limitations and any other restrictions for this purpose. 2 REFERENCES The standards given below contain provisions which, through reference in this text, constitute provisions of this standard. At the time of publication, the editions indicated were valid. All standards are subject to revision, and parties to agreements based on this standard are encouraged to investigate the possibility of applying the most recent editions of these standards. IS No. Title 1070 : 1992 Reagent grade water â€” Specification (third revision) 1448 (Part 137) : 1991 Methods of test for petroleum and its products: Part 137 Water separation characteristics of aviation turbine fuels | 1.2 This test method contains two different modes of operating test equipment based on rate of fuel flow through the fiberglass coalescing material. The test methods are dependent on the particular fuel to be tested. WARNING â€” The use of this document can involve hazardous materials, operations and equipment. This Standard does not purport to address all of the safety problems associated with its use. It is the responsibility of users of this standard to take appropriate measures to ensure the safety and health of personnel prior to the application of the standard, and to determine the applicability of regulatory limitations and any other restrictions for this purpose. 2 REFERENCES The standards given below contain provisions which, through reference in this text, constitute provisions of this standard. At the time of publication, the editions indicated were valid. All standards are subject to revision, and parties to agreements based on this standard are encouraged to investigate the possibility of applying the most recent editions of these standards. IS No. Title 1070 : 1992 Reagent grade water â€” Specification (third revision) 1448 (Part 137) : 1991 Methods of test for petroleum and its products: Part 137 Water separation characteristics of aviation turbine fuels | WARNING â€” The use of this document can involve hazardous materials, operations and equipment. This Standard does not purport to address all of the safety problems associated with its use. It is the responsibility of users of this standard to take appropriate measures to ensure the safety and health of personnel prior to the application of the standard, and to determine the applicability of regulatory limitations and any other restrictions for this purpose. | The standards given below contain provisions which, through reference in this text, constitute provisions of this standard. At the time of publication, the editions indicated were valid. All standards are subject to revision, and parties to agreements based on this standard are encouraged to investigate the possibility of applying the most recent editions of these standards. | 1070 : 1992 Reagent grade water â€” Specification (third revision)",https://standardsbis.bsbedge.com/BIS_Preview.aspx?id=1448_142_2021,1448_142_2021
IS 2104 : 1981,water meter boxes (domestic type),withdrawn,CED 3,0,,N/A,N/A,,https://standardsbis.bsbedge.com/BIS_Preview.aspx?id=2104,2104
IS 2373 : 1981,Water Meters (Bulk Type),Active,CED 3,3,2022,N/A,N/A,IS 2373 : 1981 SPECIFICATION FOR WATER METERS (BULK TYPE) UDC 681.121 CED 3 Reaffirmed 2022 1. Scope 1.1 This standard covers bulk type water meters of the following types: a) Vane-wheel (impeller) type water meters from 50 to 300 mm ( see Fig. 1 ); and b) Helical type water meters from 50 to 500 mm ( see Fig. 2 ). | UDC 681.121 CED 3 Reaffirmed 2022 1. Scope 1.1 This standard covers bulk type water meters of the following types: a) Vane-wheel (impeller) type water meters from 50 to 300 mm ( see Fig. 1 ); and b) Helical type water meters from 50 to 500 mm ( see Fig. 2 ). | Reaffirmed 2022 1. Scope 1.1 This standard covers bulk type water meters of the following types: a) Vane-wheel (impeller) type water meters from 50 to 300 mm ( see Fig. 1 ); and b) Helical type water meters from 50 to 500 mm ( see Fig. 2 ). | 1. Scope 1.1 This standard covers bulk type water meters of the following types: a) Vane-wheel (impeller) type water meters from 50 to 300 mm ( see Fig. 1 ); and b) Helical type water meters from 50 to 500 mm ( see Fig. 2 ). | 1.1 This standard covers bulk type water meters of the following types: a) Vane-wheel (impeller) type water meters from 50 to 300 mm ( see Fig. 1 ); and b) Helical type water meters from 50 to 500 mm ( see Fig. 2 ). | a) Vane-wheel (impeller) type water meters from 50 to 300 mm ( see Fig. 1 ); and b) Helical type water meters from 50 to 500 mm ( see Fig. 2 ). | b) Helical type water meters from 50 to 500 mm ( see Fig. 2 ).,https://standardsbis.bsbedge.com/BIS_Preview.aspx?id=2373_1981_reff2022,2373_1981_reff2022
IS 2401 : 1973,"Code of practice for selection, installation and maintenance of domestic water meters",withdrawn,CED 3,0,,N/A,N/A,,https://standardsbis.bsbedge.com/BIS_Preview.aspx?id=2401,2401
IS 3589 : 2001,"Steel Pipes for Water and Sewage (168.3 to 2 540 mm Outside Diameter) - Specification (Including Amendment No. 1,2,3 ,4 , 5 , 6 & 7)",Active,MTD 19,7,,N/A,N/A,"IS 3589 : 2001 Steel Pipes for Water and Sewage (168.3 to 2 540 mm Outside Diameter) - Specification ICS 77.140.30; 41.140.60; 91.140.80 MTD 19 Reaffirmed 2022 1 Scope This standard applies to seamless and welded carbon steel pipes for water andsewage of outside diameter from 168.3 to 2 540 mm. 2 References IS 228 Methods of chemical analysis of steels IS 1608 : 1995 Methods for tensile testing of steel products IS 2328 : 1983 Method for flattening test on metallic tubes IS 3803 : Part 1 : 1989 2566 : 1984 Method for elongation conversions for steel: Part 1 Carbon and low alloy steels IS 4711 : 1974 Methods for sampling of steel pipes, tubes and fittings IS 4736 : 1986 Hot-dip zinc coatings on mild steel tubes | 1 Scope This standard applies to seamless and welded carbon steel pipes for water andsewage of outside diameter from 168.3 to 2 540 mm. 2 References IS 228 Methods of chemical analysis of steels IS 1608 : 1995 Methods for tensile testing of steel products IS 2328 : 1983 Method for flattening test on metallic tubes IS 3803 : Part 1 : 1989 2566 : 1984 Method for elongation conversions for steel: Part 1 Carbon and low alloy steels IS 4711 : 1974 Methods for sampling of steel pipes, tubes and fittings IS 4736 : 1986 Hot-dip zinc coatings on mild steel tubes | This standard applies to seamless and welded carbon steel pipes for water andsewage of outside diameter from 168.3 to 2 540 mm. 2 References IS 228 Methods of chemical analysis of steels IS 1608 : 1995 Methods for tensile testing of steel products IS 2328 : 1983 Method for flattening test on metallic tubes IS 3803 : Part 1 : 1989 2566 : 1984 Method for elongation conversions for steel: Part 1 Carbon and low alloy steels IS 4711 : 1974 Methods for sampling of steel pipes, tubes and fittings IS 4736 : 1986 Hot-dip zinc coatings on mild steel tubes | 2 References IS 228 Methods of chemical analysis of steels IS 1608 : 1995 Methods for tensile testing of steel products IS 2328 : 1983 Method for flattening test on metallic tubes IS 3803 : Part 1 : 1989 2566 : 1984 Method for elongation conversions for steel: Part 1 Carbon and low alloy steels IS 4711 : 1974 Methods for sampling of steel pipes, tubes and fittings IS 4736 : 1986 Hot-dip zinc coatings on mild steel tubes | IS 228 Methods of chemical analysis of steels IS 1608 : 1995 Methods for tensile testing of steel products IS 2328 : 1983 Method for flattening test on metallic tubes IS 3803 : Part 1 : 1989 2566 : 1984 Method for elongation conversions for steel: Part 1 Carbon and low alloy steels IS 4711 : 1974 Methods for sampling of steel pipes, tubes and fittings IS 4736 : 1986 Hot-dip zinc coatings on mild steel tubes | IS 1608 : 1995 Methods for tensile testing of steel products IS 2328 : 1983 Method for flattening test on metallic tubes IS 3803 : Part 1 : 1989 2566 : 1984 Method for elongation conversions for steel: Part 1 Carbon and low alloy steels IS 4711 : 1974 Methods for sampling of steel pipes, tubes and fittings IS 4736 : 1986 Hot-dip zinc coatings on mild steel tubes | IS 2328 : 1983 Method for flattening test on metallic tubes IS 3803 : Part 1 : 1989 2566 : 1984 Method for elongation conversions for steel: Part 1 Carbon and low alloy steels IS 4711 : 1974 Methods for sampling of steel pipes, tubes and fittings IS 4736 : 1986 Hot-dip zinc coatings on mild steel tubes | IS 3803 : Part 1 : 1989 2566 : 1984 Method for elongation conversions for steel: Part 1 Carbon and low alloy steels IS 4711 : 1974 Methods for sampling of steel pipes, tubes and fittings IS 4736 : 1986 Hot-dip zinc coatings on mild steel tubes",https://standardsbis.bsbedge.com/BIS_Preview.aspx?id=3589_2001_Reff2022_AMD7,3589_2001_Reff2022_AMD7
IS 18651 : Part 21 : 2025 ( ISO 7176-21 : 2009),Wheelchairs - Part 21 Requirements and Test Methods for Electromagnetic Compatibility of Electrically Powered Wheelchairs and Scooters and Battery Chargers,Active,MHD 09,0,,₹ 520.00,"₹ 5,200.00","IS 18651 : Part 21 : 2025/ISO 7176-21 : 2009 Wheelchairs - Part 21 Requirements and Test Methods for Electromagnetic Compatibility of Electrically Powered Wheelchairs and Scooters and Battery Chargers | This standard is published in various parts. The other parts in this series are: | The text of ISO standard has been approved as suitable for publication as an Indian Standard Without deviations. Certain conventions are, however, not identical to those used in Indian Standards. Attention is particularly drawn to the following: | a) Wherever the words 'International Standard' appear referring to this standard, they should be read as 'Indian Standard'; and | b) Comma (,) has been used as a decimal marker while in Indian Standards, the current practice is to use a point (.) as the decimal marker.",https://standardsbis.bsbedge.com/BIS_Preview.aspx?id=18651_21_2025,18651_21_2025
IS 1383 : 2023,Methods For Determination Of Scouring Loss In Grey And Finished Cotton Textile Materials Second Revision Of Is 1383,Active,TXD 5,0,,N/A,N/A,"IS 1383 : 2023 Methods for Determination of Scouring Loss in Grey and Finished Cotton Textile Materials ICS 59.060.10 TXD 05 1 SCOPE 1.1 This standard prescribes two methods for determining the scouring loss (loss in mass on scouring) of grey and finished cotton textile materials. 1.2 The methods prescribed in this standard are generally applicable to grey and finished cotton textile materials wherein only starch or tamarind kernel powder or both, and water-soluble or easily removable finishing agents, such as oils, fats, and china clay, have been used and which would normally be removed during the scouring process. 2 REFERENCES The standards given below contain provisions which through reference in this text, constitute provision of this standard. At the time of publication, the editions indicated were valid. All standards are subject to revision and parties to agreements based on this standard are encouraged to investigate the possibility of applying the most recent edition of the standards: IS No. Title IS 1070 : 2023 Reagent grade water - Specification (fourth revision) | IS 1383 : 2023 Methods for Determination of Scouring Loss in Grey and Finished Cotton Textile Materials | 1.1 This standard prescribes two methods for determining the scouring loss (loss in mass on scouring) of grey and finished cotton textile materials. | 1.2 The methods prescribed in this standard are generally applicable to grey and finished cotton textile materials wherein only starch or tamarind kernel powder or both, and water-soluble or easily removable finishing agents, such as oils, fats, and china clay, have been used and which would normally be removed during the scouring process. | The standards given below contain provisions which through reference in this text, constitute provision of this standard. At the time of publication, the editions indicated were valid. All standards are subject to revision and parties to agreements based on this standard are encouraged to investigate the possibility of applying the most recent edition of the standards:",https://standardsbis.bsbedge.com/BIS_Preview.aspx?id=1383_2023,1383_2023
IS 16501 : Part 1 : 2020 ( IEC TR 62061-1 : 2010),Guidance on the Application of IS 16810 (Part 1)/ISO 13849-1 and IS 16501/IEC 62061 in the Design of Safety-Related Control Systems for Machinery,withdrawn,ETD 44,0,,N/A,N/A,IS 16501 : Part 1 : 2020/IEC/TR 62061-1 : 2010 Guidance on the Application of IS 16810 (Part 1)/ISO 13849-1 and IS 16501/IEC 62061 in the Design of Safety-Related Control Systems for Machinery | New Standard from Last Update.,https://standardsbis.bsbedge.com/BIS_Preview.aspx?id=16501_1,16501_1
IS/ISO/TR 22100 : Part 2 : 2013 ( ISO TR 22100-2:2013),Safety of machinery  Relationship with ISO 12100   Part 2: How ISO 12100 relates to ISO 13849-1   Adoption of ISOTR 22100-2 : 2013,Active,MED 40,0,,₹ 180.00,"₹ 1,800.00",,https://standardsbis.bsbedge.com/BIS_Preview.aspx?id=iotr22100_2,iotr22100_2
IS 141 : 1950,"Ready mixed paint, spraying, petrol resisting, air drying, for exterior painting of containers, colours as required (incorporated in IS 140)",withdrawn,CHD 20,0,,N/A,N/A,,https://standardsbis.bsbedge.com/BIS_Preview.aspx?id=141,141
IS/ISO 14002 : Part 1 : 2019 ( ISO 14002-1 : 2019),Environmental Management Systems - Guidelines for Using ISO 14001 to Address Environmental Aspects and Conditions within an Environmental Topic Area - Part 1 General,Active,EED 01,0,,₹ 370.00,"₹ 3,700.00","IS/ISO 14002 : Part 1 : 2019 Environmental Management Systems - Guidelines for Using ISO 14001 to Address Environmental Aspects and Conditions within an Environmental Topic Area - Part 1 General | This Indian Standard is published in two parts as adoption of corresponding parts of ISO 14002 Environmental management systems - Guidelines for using ISO 14001 to address environmental aspects and conditions within an environmental topic area. The other part in this series is: | The ISO 14002 series provides guidance that is targeted toward specific types of interrelated environmental aspects and environmental conditions. The benefits of applying the ISO 14002 series can include: | a) Enhancing environmental performance within specific environmental topic areas; | b) Protecting the environment by preventing or mitigating adverse environmental impacts within specific environmental topic areas; | c) Mitigating the potential adverse effect of environmental conditions on the organization within specific environmental topic areas; and | d) Aligning the environmental management system with the organization's strategic direction, for example, to support a specific environmental policy or organizational commitment. | The text of ISO standard has been approved as suitable for publication as an Indian Standard without deviations. Certain conventions are, however, not identical to those used in Indian Standards. Attention is particularly drawn to the following:",https://standardsbis.bsbedge.com/BIS_Preview.aspx?id=io14002_1_2019,io14002_1_2019
IS/ISO 14002 : Part 2 : 2023 ( ISO 14002-2 : 2023),Environmental Management Systems - Guidelines for Using ISO 14001 to Address Environmental Aspects and Conditions within an Environmental Topic Area - Part 2 Water,Active,EED 01,0,,₹ 680.00,"₹ 6,800.00","IS/ISO 14002 : Part 2 : 2023 Environmental Management Systems - Guidelines for Using ISO 14001 to Address Environmental Aspects and Conditions within an Environmental Topic Area - Part 2 Water | ICS 03.100.70; 13.020.10; 13.060.01 | This Indian Standard is published in two parts as adoption of corresponding parts of ISO 14002 under the general title 'Environmental management systems - Guidelines for using ISO 14001 to address environmental aspects and conditions within an environmental topic area'. | The other part in this series is: | The text of ISO standard has been approved as suitable for publication as an Indian Standard without deviations. Certain conventions are, however, not identical to those used in Indian Standards. Attention is particularly drawn to the following: | a) Wherever the words 'International Standard' appears referring to this standard, they should be read as 'Indian Standard'; and | b) Comma (,) has been used as a decimal marker, while in Indian Standards, the current practice is to use a point (.) as the decimal marker.",https://standardsbis.bsbedge.com/BIS_Preview.aspx?id=io14002_2_2023,io14002_2_2023
IS/ISO/TR 14047 : 2012 ( ISO/TR 14047: 2012),Environmental Management Life Cycle Assessment Illustrative Examples On How To Apply Isiso 14044 To Impact Assessment Situations,Active,CHD 34,0,,"₹ 1,070.00","₹ 10,700.00","The heightened awareness of the importance of environmental protection and the possible environmental significance of a product system, have increased the interest in development of methods to better understand this significance. One of the techniques being developed for this purpose is Life Cycle Assessment (LCA). The requirements and guidelines for LCA are covered in IS/ISO 14044.",https://standardsbis.bsbedge.com/BIS_Preview.aspx?id=iotr14047_2012,iotr14047_2012
IS/ISO/TR 14049 : 2012 ( ISO/TR 14049: 2012),Environmental Management Life Cycle Assessment Illustrative Examples On How To Apply Isiso 14044 To Goal And Scope Definition And Inventory Analysis,Active,CHD 34,0,,₹ 770.00,"₹ 7,700.00","The heightened awareness of the importance of environmental protection, and the possible impacts associated with products manufactured and consumed, has increased the interest in the development of methods to better comprehend and reduce these impacts. One of the techniques being developed for this purpose is Life Cycle Assessment (LCA). The requirements and guidelines for LCA are covered in IS/ISO 14044. This document further provides supplemental information to IS/ISO 14044 : 2006, based on several examples on key areas of IS/ISO 14044 in order to enhance the understanding of the requirements of IS/ISO 14044.",https://standardsbis.bsbedge.com/BIS_Preview.aspx?id=iotr14049_2012,iotr14049_2012
IS/ISO 15392 : 2019 ( ISO 15392 :2019),Sustainability in Building and Civil Engineering Works ? General Principles (Adoption of ISO 15392:2019),Active,CED 58,0,,₹ 430.00,"₹ 4,300.00","This Indian Standard was originally published in 2014 which was identical with ISO 15392 : 2008 'Sustainability in building construction - General principle'. The first revision of this standard has been undertaken to align it with the latest version of ISO 15932 : 2019. The text of ISO Standard has been approved as suitable for publication as an Indian Standard without deviations. Certain terminologies and conventions are, however, not identical to those used in Indian Standards. Attention is particularly drawn to the following: a) Wherever the words 'International Standard' appear referring to this standard, they should be read as 'Indian Standard'. b) Comma (,) has been used as a decimal marker, while in Indian Standards, the current practice is to use a point (.) as the decimal marker. | The text of ISO Standard has been approved as suitable for publication as an Indian Standard without deviations. Certain terminologies and conventions are, however, not identical to those used in Indian Standards. Attention is particularly drawn to the following: a) Wherever the words 'International Standard' appear referring to this standard, they should be read as 'Indian Standard'. b) Comma (,) has been used as a decimal marker, while in Indian Standards, the current practice is to use a point (.) as the decimal marker. | a) Wherever the words 'International Standard' appear referring to this standard, they should be read as 'Indian Standard'. b) Comma (,) has been used as a decimal marker, while in Indian Standards, the current practice is to use a point (.) as the decimal marker. | b) Comma (,) has been used as a decimal marker, while in Indian Standards, the current practice is to use a point (.) as the decimal marker.",https://standardsbis.bsbedge.com/BIS_Preview.aspx?id=io15392_2019,io15392_2019
IS/ISO 14064 : PART 2 : 2019 ( ISO 14064-2:2019),IS/ISO 14064-2 : 2019 GREENHOUSE GASES  PART 2 SPECIFICATION WITH GUIDANCE AT THE  PROJECT LEVEL FOR QUANTIFICATION MONITORING AND REPORTING OF GREENHOUSE GAS EMISSION REDUCTIONS OR REMOVAL ENHANCEMENTS First Revision,Active,CHD 34,0,2024,₹ 520.00,"₹ 5,200.00",This standard was originally published in 2009 by adoption of ISO 14064-2 : 2006. The first revision of this standard has been undertaken to align it with the latest version of ISO 14064-2 : 2019. The major changes in this revision as compared to the previous edition are as follows: a) The concept of additionality and the baseline scenario have been changed; and b) Text related to the Kyoto mechanism has been deleted. | The major changes in this revision as compared to the previous edition are as follows: a) The concept of additionality and the baseline scenario have been changed; and b) Text related to the Kyoto mechanism has been deleted. | a) The concept of additionality and the baseline scenario have been changed; and b) Text related to the Kyoto mechanism has been deleted. | b) Text related to the Kyoto mechanism has been deleted.,https://standardsbis.bsbedge.com/BIS_Preview.aspx?id=io14064_2_2019_reaff2024,io14064_2_2019_reaff2024
IS 15885 : PART 2 : SEC 9 : 2011,Safety Of Lamp Controlgear Part 2 Particular Requirements Section 9 Ballasts For Discharge Lamps (excluding Fluorescent Lamps) Ics 29.140.99,Active,ETD 23,0,2016,N/A,N/A,IS 15885 : PART 2 : SEC 9 : 2011 : Safety Of Lamp Controlgear--Part 2 Particular Requirements--Section 9 Ballasts For Discharge Lamps (excluding Fluorescent Lamps)--Ics 29.140.99 ETD 23 Reaffirmed 2016,https://standardsbis.bsbedge.com/BIS_Preview.aspx?id=15885_2_9,15885_2_9
"IS 18446 : Part 1 : 2023 ( ISO 11140-1 : 2014, MOD)","Sterilization of Health Care Products-Chemical Indicators - Part 1 General Requirements - (ISO 11140-1 : 2014, MOD)",Active,MHD 12,0,,₹ 680.00,"₹ 6,800.00","IS 18446 : Part 1 : 2023 Sterilization of Health Care Products - Chemical Indicators - Part 1 General Requirements (ISO 11140-1 : 2014, MOD) | The text of ISO standard has been approved as suitable for publication as an Indian Standard without deviations. Certain conventions are however not identical to those used in Indian Standards. Attention is particularly drawn to the following: | a) Wherever the words 'International Standard' appear referring to this standard, they should be read as 'Indian Standard'; and | b) Comma (,) has been used as a decimal marker while in Indian Standards, the current practice is to use a point (.) as the decimal marker.",https://standardsbis.bsbedge.com/BIS_Preview.aspx?id=18446_1_2023,18446_1_2023
"IS 18814 : 2024 ( ISO 14063 : 2020, MOD)","Environmental Management - Environmental Communication - Guidelines and Examples (ISO 14063 : 2020, MOD)",Active,CHD 34,0,,₹ 520.00,"₹ 5,200.00","IS 18814 : 2024 Environmental Management - Environmental Communication - Guidelines and Examples (ISO 14063 : 2020, MOD) ICS 13.020.10 CHD 34 1 SCOPE 1.1 This Indian Standard gives guidelines to organizations for general principles, policy, strategy and activities relating to both internal and external environmental communication. It uses proven and well-established approaches for communication, adapted to the specific conditions that exist in environmental communication. 1.2 It is applicable to all organizations regardless of their size, type, location, structure, activities, products and services, and whether or not they have an environmental management system in place. 1.3 It can be used in combination with any of the IS/ISO 14000 family of standards, or on its own. NOTE - IS 16555 (Mod. ISO 14021), IS/ISO 14024, and IS/ISO 14025 provide specific environmental communication tools and guidance relating to product labels and declarations. | IS 18814 : 2024 Environmental Management - Environmental Communication - Guidelines and Examples (ISO 14063 : 2020, MOD) | 1.1 This Indian Standard gives guidelines to organizations for general principles, policy, strategy and activities relating to both internal and external environmental communication. It uses proven and well-established approaches for communication, adapted to the specific conditions that exist in environmental communication. | 1.2 It is applicable to all organizations regardless of their size, type, location, structure, activities, products and services, and whether or not they have an environmental management system in place. | 1.3 It can be used in combination with any of the IS/ISO 14000 family of standards, or on its own. | NOTE - IS 16555 (Mod. ISO 14021), IS/ISO 14024, and IS/ISO 14025 provide specific environmental communication tools and guidance relating to product labels and declarations.",https://standardsbis.bsbedge.com/BIS_Preview.aspx?id=18814_2024,18814_2024
IS 138 : 2018,"Ready Mixed Paint, Marking, for Packages and Petrol Containers — Specification ( Fourth Revision )",Active,CHD 20,0,,N/A,N/A,"IS 138 : 2018 Ready Mixed Paint, Marking, for Packages and Petrol Containers - Specification ICS 87.040 CHD 20 Revised Standard from Last Update. 1 Scope 1.1 This standard prescribes requirements and methods ofsampling and test for ready mixed paint, marking for packages andpetrol containers, colour as required. 1.1.1 The material is used for distinctive lettering and markingof ammunition and ammunition packages and of containers andpackages by brushing, spraying, or stenciling. The material is notintended for application by silk screen stenciling. 2 References The standards listed in Annex A contain provisions which, through reference in this text, constitute provisions of this standard. At the time of publication, the editions indicated were valid. All standards are subject to revision and parties to agreements based on this standard are encouraged to investigate the possibility of applying the most recent editions of the standards indicated in Annex A. | Revised Standard from Last Update. 1 Scope 1.1 This standard prescribes requirements and methods ofsampling and test for ready mixed paint, marking for packages andpetrol containers, colour as required. 1.1.1 The material is used for distinctive lettering and markingof ammunition and ammunition packages and of containers andpackages by brushing, spraying, or stenciling. The material is notintended for application by silk screen stenciling. 2 References The standards listed in Annex A contain provisions which, through reference in this text, constitute provisions of this standard. At the time of publication, the editions indicated were valid. All standards are subject to revision and parties to agreements based on this standard are encouraged to investigate the possibility of applying the most recent editions of the standards indicated in Annex A. | 1 Scope 1.1 This standard prescribes requirements and methods ofsampling and test for ready mixed paint, marking for packages andpetrol containers, colour as required. 1.1.1 The material is used for distinctive lettering and markingof ammunition and ammunition packages and of containers andpackages by brushing, spraying, or stenciling. The material is notintended for application by silk screen stenciling. 2 References The standards listed in Annex A contain provisions which, through reference in this text, constitute provisions of this standard. At the time of publication, the editions indicated were valid. All standards are subject to revision and parties to agreements based on this standard are encouraged to investigate the possibility of applying the most recent editions of the standards indicated in Annex A. | 1.1 This standard prescribes requirements and methods ofsampling and test for ready mixed paint, marking for packages andpetrol containers, colour as required. 1.1.1 The material is used for distinctive lettering and markingof ammunition and ammunition packages and of containers andpackages by brushing, spraying, or stenciling. The material is notintended for application by silk screen stenciling. 2 References The standards listed in Annex A contain provisions which, through reference in this text, constitute provisions of this standard. At the time of publication, the editions indicated were valid. All standards are subject to revision and parties to agreements based on this standard are encouraged to investigate the possibility of applying the most recent editions of the standards indicated in Annex A. | 1.1.1 The material is used for distinctive lettering and markingof ammunition and ammunition packages and of containers andpackages by brushing, spraying, or stenciling. The material is notintended for application by silk screen stenciling. 2 References The standards listed in Annex A contain provisions which, through reference in this text, constitute provisions of this standard. At the time of publication, the editions indicated were valid. All standards are subject to revision and parties to agreements based on this standard are encouraged to investigate the possibility of applying the most recent editions of the standards indicated in Annex A. | 2 References The standards listed in Annex A contain provisions which, through reference in this text, constitute provisions of this standard. At the time of publication, the editions indicated were valid. All standards are subject to revision and parties to agreements based on this standard are encouraged to investigate the possibility of applying the most recent editions of the standards indicated in Annex A. | The standards listed in Annex A contain provisions which, through reference in this text, constitute provisions of this standard. At the time of publication, the editions indicated were valid. All standards are subject to revision and parties to agreements based on this standard are encouraged to investigate the possibility of applying the most recent editions of the standards indicated in Annex A.",https://standardsbis.bsbedge.com/BIS_Preview.aspx?id=138,138
IS 1380 : 2024,"Ink, Finger Printing, Black-Specification",Active,CHD 14,0,,N/A,N/A,"IS 1380 : 2024 Ink, Finger Printing, Black - Specification ICS 87.080 CHD 14 1 SCOPE This standard prescribes requirements and methods of sampling and test for black finger printing ink used for taking impressions of fingers, thumbs and palms for the purpose of identification of persons. 2 REFERENCES The standards listed in Annex A contain provisions which through reference in this text, constitute provisions of this standard. At the time of publication, the editions indicated were valid. All standards are subject to revision, and parties to agreements based on this Indian Standard are encouraged to investigate the possibility of applying the most recent edition of these standards. IS No. Title IS 40 : 2021 Carbon black for paints - Specification (second revision) IS 101 (Part 1/Sec 1) : 2023 Methods of sampling and test for paints, varnishes and related products: Part 1 Tests on liquid paints (general and physical), Section 1 Sampling (fourth revision) IS 1745 : 2018 Petroleum hydrocarbon solvents - Specification (third revision) IS 1848 (Part 1) : 2018 Writing and printing papers - Specification: Part 1 Account book, azure lead, bond, cream laid and cream wove/printing white/printing coloured/printing offset, printing maplitho, printing white super calendered and typewriting types (fifth revision) IS 3101 : 1995 Aluminium collapsible tubes - Specification (second revision) IS 4658 : 2019 Specification for coated paper and board (art and chromo) (second revision) IS 4905 : 2015/ISO 24153 : 2009 Random sampling and randomization procedures (first revision) IS 5717 : 2003 Laboratory glassware - Pyknometers (second revision) | IS 1380 : 2024 Ink, Finger Printing, Black - Specification | This standard prescribes requirements and methods of sampling and test for black finger printing ink used for taking impressions of fingers, thumbs and palms for the purpose of identification of persons. | The standards listed in Annex A contain provisions which through reference in this text, constitute provisions of this standard. At the time of publication, the editions indicated were valid. All standards are subject to revision, and parties to agreements based on this Indian Standard are encouraged to investigate the possibility of applying the most recent edition of these standards.",https://standardsbis.bsbedge.com/BIS_Preview.aspx?id=1380_2024,1380_2024
IS 13800 : 2026,Shoe Sizes - Method of Marking,Active,CHD 19,0,,N/A,N/A,"IS 13800 : 2026 Shoe Sizes - Method of Marking ICS 61.060 CHD 19 1 SCOPE 1.1 This standard prescribes method of marking of shoes and boots with their sizes in mondopoint system based on length grading only. 1.2 It applies to all types of boots and shoes without any restriction. 2 REFERENCE The standard given below contain provisions which through reference in this text, constitute provisions of this standard. At the time of publication, the editions indicated were valid. All standards are subject to revision, and parties to agreements based on this standard are encouraged to investigate the possibility of applying the most recent edition of this standard. IS No. Title IS 8751 (Part 1) : 1978 Footwear sizes in mondopoint system: Part 1 fundamental characteristics | IS 13800 : 2026 Shoe Sizes - Method of Marking | 1.1 This standard prescribes method of marking of shoes and boots with their sizes in mondopoint system based on length grading only. | 1.2 It applies to all types of boots and shoes without any restriction. | The standard given below contain provisions which through reference in this text, constitute provisions of this standard. At the time of publication, the editions indicated were valid. All standards are subject to revision, and parties to agreements based on this standard are encouraged to investigate the possibility of applying the most recent edition of this standard.",https://standardsbis.bsbedge.com/BIS_Preview.aspx?id=13800_2026,13800_2026
IS 13800 - (Active) : 1993,Shoe Sizes - Method of Marking - (Vaild upto 18 August 2026),Active,CHD 19,0,2022,N/A,N/A,IS 13800 : 1993 Shoe sizes - Method of marking UDC 685.31.052.2 CHD 19 Reaffirmed 2022 1 Scope This standard prescribes method of marking of shoes and bootswith their sizes in Mondopoint system based on length grading only. It applies to all types of boots and shoes without anyrestriction. 2 Reference IS 8751 : Part 1 :1978 Footwear sizes in Mondopoint system:Part 1 Fundamental characteristics | 1 Scope This standard prescribes method of marking of shoes and bootswith their sizes in Mondopoint system based on length grading only. It applies to all types of boots and shoes without anyrestriction. 2 Reference IS 8751 : Part 1 :1978 Footwear sizes in Mondopoint system:Part 1 Fundamental characteristics | This standard prescribes method of marking of shoes and bootswith their sizes in Mondopoint system based on length grading only. It applies to all types of boots and shoes without anyrestriction. 2 Reference IS 8751 : Part 1 :1978 Footwear sizes in Mondopoint system:Part 1 Fundamental characteristics | It applies to all types of boots and shoes without anyrestriction. 2 Reference IS 8751 : Part 1 :1978 Footwear sizes in Mondopoint system:Part 1 Fundamental characteristics | 2 Reference IS 8751 : Part 1 :1978 Footwear sizes in Mondopoint system:Part 1 Fundamental characteristics | IS 8751 : Part 1 :1978 Footwear sizes in Mondopoint system:Part 1 Fundamental characteristics,https://standardsbis.bsbedge.com/BIS_Preview.aspx?id=13800_1993_reff2022,13800_1993_reff2022
IS 13801 : 2013,Chequered Cement Concrete Tiles -,Active,CED 5,0,2018,N/A,N/A,"IS 13801 : 2013 CHEQUERED CEMENT CONCRETE TILES — SPECIFICATION ICS 91.100.30 CED 5 Reaffirmed 2018 1. Scope This standard covers chequered cement concrete flooring tiles of plain, coloured and terrazo types. 2. References The standards listed in Annex A contain provisions which through reference in this text, constitute provisions of this standard. At the time of publication, the editions indicated were valid. All standards are subject to revision and parties to agreements based on this standard are encouraged to investigate the possibility of applying the most recent editions of the standards indicated in Annex A. | ICS 91.100.30 CED 5 Reaffirmed 2018 1. Scope This standard covers chequered cement concrete flooring tiles of plain, coloured and terrazo types. 2. References The standards listed in Annex A contain provisions which through reference in this text, constitute provisions of this standard. At the time of publication, the editions indicated were valid. All standards are subject to revision and parties to agreements based on this standard are encouraged to investigate the possibility of applying the most recent editions of the standards indicated in Annex A. | Reaffirmed 2018 1. Scope This standard covers chequered cement concrete flooring tiles of plain, coloured and terrazo types. 2. References The standards listed in Annex A contain provisions which through reference in this text, constitute provisions of this standard. At the time of publication, the editions indicated were valid. All standards are subject to revision and parties to agreements based on this standard are encouraged to investigate the possibility of applying the most recent editions of the standards indicated in Annex A. | 1. Scope This standard covers chequered cement concrete flooring tiles of plain, coloured and terrazo types. 2. References The standards listed in Annex A contain provisions which through reference in this text, constitute provisions of this standard. At the time of publication, the editions indicated were valid. All standards are subject to revision and parties to agreements based on this standard are encouraged to investigate the possibility of applying the most recent editions of the standards indicated in Annex A. | This standard covers chequered cement concrete flooring tiles of plain, coloured and terrazo types. 2. References The standards listed in Annex A contain provisions which through reference in this text, constitute provisions of this standard. At the time of publication, the editions indicated were valid. All standards are subject to revision and parties to agreements based on this standard are encouraged to investigate the possibility of applying the most recent editions of the standards indicated in Annex A. | 2. References The standards listed in Annex A contain provisions which through reference in this text, constitute provisions of this standard. At the time of publication, the editions indicated were valid. All standards are subject to revision and parties to agreements based on this standard are encouraged to investigate the possibility of applying the most recent editions of the standards indicated in Annex A. | The standards listed in Annex A contain provisions which through reference in this text, constitute provisions of this standard. At the time of publication, the editions indicated were valid. All standards are subject to revision and parties to agreements based on this standard are encouraged to investigate the possibility of applying the most recent editions of the standards indicated in Annex A.",https://standardsbis.bsbedge.com/BIS_Preview.aspx?id=13801,13801
IS 933 : 1989,Portable chemical foam fire extinguisher,withdrawn,CED 22,0,1995,N/A,N/A,,https://standardsbis.bsbedge.com/BIS_Preview.aspx?id=933,933
IS 934 : 1989,Portable fire extinguisher water type (soda acid),withdrawn,CED 22,0,1995,N/A,N/A,,https://standardsbis.bsbedge.com/BIS_Preview.aspx?id=934,934
IS 935 : 1967,"Portable chemical fire extinguisher, carbon tetrachloride type",withdrawn,CED 22,0,,N/A,N/A,,https://standardsbis.bsbedge.com/BIS_Preview.aspx?id=935,935
IS 940 : 2003,"Specification for Portable Fire Extinguisher, Water Type (Gas Cartridge) -",withdrawn,CED 22,3,2008,N/A,N/A,,https://standardsbis.bsbedge.com/BIS_Preview.aspx?id=940,940
IS 1924 : 1973,"Portable fire extinguisher, water type (pocket pump)",withdrawn,CED 22,0,,N/A,N/A,,https://standardsbis.bsbedge.com/BIS_Preview.aspx?id=1924,1924
IS 1933 : 1961,Portable chemical fire extinguisher chloro bromomethane type,withdrawn,CED 22,0,,N/A,N/A,,https://standardsbis.bsbedge.com/BIS_Preview.aspx?id=1933,1933
IS 74 : 1979,Methods of Sampling and Test for Drying Oils for Paints,Active,CHD 21,0,2017,N/A,N/A,IS 74 : 1979 METHODS OF SAMPLING AND TEST FOR DRYING OILS FOR PAINTS UDC 667.629.3 : 620.11 CHD 20 Reaffirmed 2017 1. Scope 1.1 This standard prescribes methods of sampling and test for dryini: oils for paints. | UDC 667.629.3 : 620.11 CHD 20 Reaffirmed 2017 1. Scope 1.1 This standard prescribes methods of sampling and test for dryini: oils for paints. | Reaffirmed 2017 1. Scope 1.1 This standard prescribes methods of sampling and test for dryini: oils for paints. | 1. Scope 1.1 This standard prescribes methods of sampling and test for dryini: oils for paints. | 1.1 This standard prescribes methods of sampling and test for dryini: oils for paints.,https://standardsbis.bsbedge.com/BIS_Preview.aspx?id=74,74
IS 76 : 1950,"Linseed Oil, Refined, For Paints",withdrawn,CHD 20,0,,N/A,N/A,,https://standardsbis.bsbedge.com/BIS_Preview.aspx?id=76,76
IS 77 : 1976,"Linseed Oil, Boiled, for Paints",Active,CHD 21,0,2024,N/A,N/A,"IS 77 : 1976 Specification for Linseed Oil, Boiled, for Paints UDC 667.621.52 : 665.345.4 CHD 21 Reaffirmed 2024 1 Scope 1.1 This standard prescribes requirements and methods ofsampling and test for linseed oil, boiled, for paints. Apart frompaint industry and other allied applications, it is also used asfoundry core oil. 2 References IS 2 :1960 Rules for rounding offnumerical values IS 74 :1966 Methods of sampling and testfor drying oils for paints IS 75 :1973 Specification for linseed oil,raw and refined IS 78 :1950 Specification for linseed oil,Pale boiled, for paints IS 266 : 1961 Specification for sulphuric acid IS 1070 : 1960 Specification for water, distilled quality IS 1745 : 1966 Specification for petroleum hydrocarbon solvents | 1 Scope 1.1 This standard prescribes requirements and methods ofsampling and test for linseed oil, boiled, for paints. Apart frompaint industry and other allied applications, it is also used asfoundry core oil. 2 References IS 2 :1960 Rules for rounding offnumerical values IS 74 :1966 Methods of sampling and testfor drying oils for paints IS 75 :1973 Specification for linseed oil,raw and refined IS 78 :1950 Specification for linseed oil,Pale boiled, for paints IS 266 : 1961 Specification for sulphuric acid IS 1070 : 1960 Specification for water, distilled quality IS 1745 : 1966 Specification for petroleum hydrocarbon solvents | 1.1 This standard prescribes requirements and methods ofsampling and test for linseed oil, boiled, for paints. Apart frompaint industry and other allied applications, it is also used asfoundry core oil. 2 References IS 2 :1960 Rules for rounding offnumerical values IS 74 :1966 Methods of sampling and testfor drying oils for paints IS 75 :1973 Specification for linseed oil,raw and refined IS 78 :1950 Specification for linseed oil,Pale boiled, for paints IS 266 : 1961 Specification for sulphuric acid IS 1070 : 1960 Specification for water, distilled quality IS 1745 : 1966 Specification for petroleum hydrocarbon solvents | 2 References IS 2 :1960 Rules for rounding offnumerical values IS 74 :1966 Methods of sampling and testfor drying oils for paints IS 75 :1973 Specification for linseed oil,raw and refined IS 78 :1950 Specification for linseed oil,Pale boiled, for paints IS 266 : 1961 Specification for sulphuric acid IS 1070 : 1960 Specification for water, distilled quality IS 1745 : 1966 Specification for petroleum hydrocarbon solvents | IS 2 :1960 Rules for rounding offnumerical values IS 74 :1966 Methods of sampling and testfor drying oils for paints IS 75 :1973 Specification for linseed oil,raw and refined IS 78 :1950 Specification for linseed oil,Pale boiled, for paints IS 266 : 1961 Specification for sulphuric acid IS 1070 : 1960 Specification for water, distilled quality IS 1745 : 1966 Specification for petroleum hydrocarbon solvents | IS 74 :1966 Methods of sampling and testfor drying oils for paints IS 75 :1973 Specification for linseed oil,raw and refined IS 78 :1950 Specification for linseed oil,Pale boiled, for paints IS 266 : 1961 Specification for sulphuric acid IS 1070 : 1960 Specification for water, distilled quality IS 1745 : 1966 Specification for petroleum hydrocarbon solvents | IS 75 :1973 Specification for linseed oil,raw and refined IS 78 :1950 Specification for linseed oil,Pale boiled, for paints IS 266 : 1961 Specification for sulphuric acid IS 1070 : 1960 Specification for water, distilled quality IS 1745 : 1966 Specification for petroleum hydrocarbon solvents | IS 78 :1950 Specification for linseed oil,Pale boiled, for paints IS 266 : 1961 Specification for sulphuric acid IS 1070 : 1960 Specification for water, distilled quality IS 1745 : 1966 Specification for petroleum hydrocarbon solvents",https://standardsbis.bsbedge.com/BIS_Preview.aspx?id=77_1976_reaff2024,77_1976_reaff2024
IS 78 : 1950,"Linseed oil, pale boiled, for paints",withdrawn,CHD 20,0,,N/A,N/A,,https://standardsbis.bsbedge.com/BIS_Preview.aspx?id=78,78
IS 79 : 2021,Specification for linseed stand oil for paints,Active,CHD 21,0,,N/A,N/A,"IS 79 : 2021 Specification for Linseed Stand Oil for Paints ICS 87.060.30 CHD 21 Revised Standard from Last Update. 1. SCOPE This standard prescribes requirements and methods of sampling and test for linseed stand oil for paints. 2. REFERENCES The Indian Standards given below contain provisions which through reference in this text, constitute provision of this standard. At the time of publication, the editions indicated were valid. All standards are subject to revision, and parties to agreements based on this standard are encouraged to investigate thepossibility of applying the most recent editions of the standards. 74 : 1979 Methods of sampling and test for drying oils for paints (second revision) 323 : 2009 Rectified spirit for industrial use - Specification (second revision) 336 : 1973 Specification for ether 1070 : 1992 Reagent grade water - Specification (third revision) 1303 : 1983 Glossary of terms relating. to paints (second revision) 1745 : 2018 Petroleum hydrocarbon solvents - Specification (third revision) 101 (Part 8/Sec 5) : 1993 Methods of Sampling and test for Paints, Varnishes, and related products: Part 8 Tests for pigments and other solids, Section 5 Lead restriction test | ICS 87.060.30 CHD 21 Revised Standard from Last Update. 1. SCOPE This standard prescribes requirements and methods of sampling and test for linseed stand oil for paints. 2. REFERENCES The Indian Standards given below contain provisions which through reference in this text, constitute provision of this standard. At the time of publication, the editions indicated were valid. All standards are subject to revision, and parties to agreements based on this standard are encouraged to investigate thepossibility of applying the most recent editions of the standards. 74 : 1979 Methods of sampling and test for drying oils for paints (second revision) 323 : 2009 Rectified spirit for industrial use - Specification (second revision) 336 : 1973 Specification for ether 1070 : 1992 Reagent grade water - Specification (third revision) 1303 : 1983 Glossary of terms relating. to paints (second revision) 1745 : 2018 Petroleum hydrocarbon solvents - Specification (third revision) 101 (Part 8/Sec 5) : 1993 Methods of Sampling and test for Paints, Varnishes, and related products: Part 8 Tests for pigments and other solids, Section 5 Lead restriction test | Revised Standard from Last Update. 1. SCOPE This standard prescribes requirements and methods of sampling and test for linseed stand oil for paints. 2. REFERENCES The Indian Standards given below contain provisions which through reference in this text, constitute provision of this standard. At the time of publication, the editions indicated were valid. All standards are subject to revision, and parties to agreements based on this standard are encouraged to investigate thepossibility of applying the most recent editions of the standards. 74 : 1979 Methods of sampling and test for drying oils for paints (second revision) 323 : 2009 Rectified spirit for industrial use - Specification (second revision) 336 : 1973 Specification for ether 1070 : 1992 Reagent grade water - Specification (third revision) 1303 : 1983 Glossary of terms relating. to paints (second revision) 1745 : 2018 Petroleum hydrocarbon solvents - Specification (third revision) 101 (Part 8/Sec 5) : 1993 Methods of Sampling and test for Paints, Varnishes, and related products: Part 8 Tests for pigments and other solids, Section 5 Lead restriction test | 1. SCOPE This standard prescribes requirements and methods of sampling and test for linseed stand oil for paints. 2. REFERENCES The Indian Standards given below contain provisions which through reference in this text, constitute provision of this standard. At the time of publication, the editions indicated were valid. All standards are subject to revision, and parties to agreements based on this standard are encouraged to investigate thepossibility of applying the most recent editions of the standards. 74 : 1979 Methods of sampling and test for drying oils for paints (second revision) 323 : 2009 Rectified spirit for industrial use - Specification (second revision) 336 : 1973 Specification for ether 1070 : 1992 Reagent grade water - Specification (third revision) 1303 : 1983 Glossary of terms relating. to paints (second revision) 1745 : 2018 Petroleum hydrocarbon solvents - Specification (third revision) 101 (Part 8/Sec 5) : 1993 Methods of Sampling and test for Paints, Varnishes, and related products: Part 8 Tests for pigments and other solids, Section 5 Lead restriction test | This standard prescribes requirements and methods of sampling and test for linseed stand oil for paints. 2. REFERENCES The Indian Standards given below contain provisions which through reference in this text, constitute provision of this standard. At the time of publication, the editions indicated were valid. All standards are subject to revision, and parties to agreements based on this standard are encouraged to investigate thepossibility of applying the most recent editions of the standards. 74 : 1979 Methods of sampling and test for drying oils for paints (second revision) 323 : 2009 Rectified spirit for industrial use - Specification (second revision) 336 : 1973 Specification for ether 1070 : 1992 Reagent grade water - Specification (third revision) 1303 : 1983 Glossary of terms relating. to paints (second revision) 1745 : 2018 Petroleum hydrocarbon solvents - Specification (third revision) 101 (Part 8/Sec 5) : 1993 Methods of Sampling and test for Paints, Varnishes, and related products: Part 8 Tests for pigments and other solids, Section 5 Lead restriction test | 2. REFERENCES The Indian Standards given below contain provisions which through reference in this text, constitute provision of this standard. At the time of publication, the editions indicated were valid. All standards are subject to revision, and parties to agreements based on this standard are encouraged to investigate thepossibility of applying the most recent editions of the standards. 74 : 1979 Methods of sampling and test for drying oils for paints (second revision) 323 : 2009 Rectified spirit for industrial use - Specification (second revision) 336 : 1973 Specification for ether 1070 : 1992 Reagent grade water - Specification (third revision) 1303 : 1983 Glossary of terms relating. to paints (second revision) 1745 : 2018 Petroleum hydrocarbon solvents - Specification (third revision) 101 (Part 8/Sec 5) : 1993 Methods of Sampling and test for Paints, Varnishes, and related products: Part 8 Tests for pigments and other solids, Section 5 Lead restriction test | The Indian Standards given below contain provisions which through reference in this text, constitute provision of this standard. At the time of publication, the editions indicated were valid. All standards are subject to revision, and parties to agreements based on this standard are encouraged to investigate thepossibility of applying the most recent editions of the standards. 74 : 1979 Methods of sampling and test for drying oils for paints (second revision) 323 : 2009 Rectified spirit for industrial use - Specification (second revision) 336 : 1973 Specification for ether 1070 : 1992 Reagent grade water - Specification (third revision) 1303 : 1983 Glossary of terms relating. to paints (second revision) 1745 : 2018 Petroleum hydrocarbon solvents - Specification (third revision) 101 (Part 8/Sec 5) : 1993 Methods of Sampling and test for Paints, Varnishes, and related products: Part 8 Tests for pigments and other solids, Section 5 Lead restriction test | 74 : 1979 Methods of sampling and test for drying oils for paints (second revision) 323 : 2009 Rectified spirit for industrial use - Specification (second revision) 336 : 1973 Specification for ether 1070 : 1992 Reagent grade water - Specification (third revision) 1303 : 1983 Glossary of terms relating. to paints (second revision) 1745 : 2018 Petroleum hydrocarbon solvents - Specification (third revision) 101 (Part 8/Sec 5) : 1993 Methods of Sampling and test for Paints, Varnishes, and related products: Part 8 Tests for pigments and other solids, Section 5 Lead restriction test",https://standardsbis.bsbedge.com/BIS_Preview.aspx?id=79_2021,79_2021
IS 80 : 1991,Tung Oil for Paints,Active,CHD 21,0,2017,N/A,N/A,IS 80 : 1991 TUNG OIL FOR PAINTS - SPECIFICATION UDC 665·345.6: 667.621.4 CHD 20 Reaffirmed 2017 1. Scope This standard prescribes requirements and the methods of sampling and test for tung oil for paints derived from the seeds of Aleurites Fordii. 2. Referenced The following Indian Standards are necessary adjuncts to this standard: IS No. Title 74 : 1979 Method of sampling and tests for drying oils for paints (second revision) 354 (Part 1) : 1987 Method of sampling and tests for resins: Part 1 General test method 1070 : 1977 Water for general laboratory use ( second revision ) 4048 : 1966 Density composition table for aqueous solutions of sulphuric acid | UDC 665·345.6: 667.621.4 CHD 20 Reaffirmed 2017 1. Scope This standard prescribes requirements and the methods of sampling and test for tung oil for paints derived from the seeds of Aleurites Fordii. 2. Referenced The following Indian Standards are necessary adjuncts to this standard: IS No. Title 74 : 1979 Method of sampling and tests for drying oils for paints (second revision) 354 (Part 1) : 1987 Method of sampling and tests for resins: Part 1 General test method 1070 : 1977 Water for general laboratory use ( second revision ) 4048 : 1966 Density composition table for aqueous solutions of sulphuric acid | Reaffirmed 2017 1. Scope This standard prescribes requirements and the methods of sampling and test for tung oil for paints derived from the seeds of Aleurites Fordii. 2. Referenced The following Indian Standards are necessary adjuncts to this standard: IS No. Title 74 : 1979 Method of sampling and tests for drying oils for paints (second revision) 354 (Part 1) : 1987 Method of sampling and tests for resins: Part 1 General test method 1070 : 1977 Water for general laboratory use ( second revision ) 4048 : 1966 Density composition table for aqueous solutions of sulphuric acid | 1. Scope This standard prescribes requirements and the methods of sampling and test for tung oil for paints derived from the seeds of Aleurites Fordii. 2. Referenced The following Indian Standards are necessary adjuncts to this standard: IS No. Title 74 : 1979 Method of sampling and tests for drying oils for paints (second revision) 354 (Part 1) : 1987 Method of sampling and tests for resins: Part 1 General test method 1070 : 1977 Water for general laboratory use ( second revision ) 4048 : 1966 Density composition table for aqueous solutions of sulphuric acid | This standard prescribes requirements and the methods of sampling and test for tung oil for paints derived from the seeds of Aleurites Fordii. 2. Referenced The following Indian Standards are necessary adjuncts to this standard: IS No. Title 74 : 1979 Method of sampling and tests for drying oils for paints (second revision) 354 (Part 1) : 1987 Method of sampling and tests for resins: Part 1 General test method 1070 : 1977 Water for general laboratory use ( second revision ) 4048 : 1966 Density composition table for aqueous solutions of sulphuric acid | 2. Referenced The following Indian Standards are necessary adjuncts to this standard: IS No. Title 74 : 1979 Method of sampling and tests for drying oils for paints (second revision) 354 (Part 1) : 1987 Method of sampling and tests for resins: Part 1 General test method 1070 : 1977 Water for general laboratory use ( second revision ) 4048 : 1966 Density composition table for aqueous solutions of sulphuric acid | The following Indian Standards are necessary adjuncts to this standard: IS No. Title 74 : 1979 Method of sampling and tests for drying oils for paints (second revision) 354 (Part 1) : 1987 Method of sampling and tests for resins: Part 1 General test method 1070 : 1977 Water for general laboratory use ( second revision ) 4048 : 1966 Density composition table for aqueous solutions of sulphuric acid | IS No. Title 74 : 1979 Method of sampling and tests for drying oils for paints (second revision) 354 (Part 1) : 1987 Method of sampling and tests for resins: Part 1 General test method 1070 : 1977 Water for general laboratory use ( second revision ) 4048 : 1966 Density composition table for aqueous solutions of sulphuric acid,https://standardsbis.bsbedge.com/BIS_Preview.aspx?id=80,80
IS 5 : 2007,"Colours for Ready Mixed Paints and EnamelsThis standard is printed in multi-colour and we suggest that you purchase printed copy of this Standard. However, if you still wish to download the soft copy of the Standard you may proceed with that.Print price :1640.00 INR (in India)(Out of stock.)",Active,CHD 20,0,2022,N/A,N/A,"IS 5 : 2007 Colours for Ready Mixed Paints and Enamels UDC 667-633 - 12 CHD 20 Reaffirmed 2022 1 Scope This standard covers 104 colours for ready mixed paints and enamels groupedunder Blue; Green; Yellow,Cream and Buff, Brown and Pink; Red and Orange;Grey; and Violet. | 1 Scope This standard covers 104 colours for ready mixed paints and enamels groupedunder Blue; Green; Yellow,Cream and Buff, Brown and Pink; Red and Orange;Grey; and Violet. | This standard covers 104 colours for ready mixed paints and enamels groupedunder Blue; Green; Yellow,Cream and Buff, Brown and Pink; Red and Orange;Grey; and Violet.",https://standardsbis.bsbedge.com/BIS_Preview.aspx?id=5_2007_reff2022,5_2007_reff2022
SP 6 : Part 4 : 1969,ISI Handbook for Structural Engineers -Part- 4 Use of High Strength Friction Grip Bolts,Active,CED 7,0,,N/A,N/A,SP 6 : Part 4 : 1969 ISI Handbook for Structural Engineers 4. Use of High Strength Friction Grip Bolts UDC 621.882.2 : 624.014.2 : 693.81 CED 7,https://standardsbis.bsbedge.com/BIS_Preview.aspx?id=sp6_4,sp6_4
SP 7 : 2016,"National Building Code of India 2016 (Vol I and II)This standard is available as a pre-printed copy for purchase. However, if you still wish to download the soft copy of the Standard you may proceed with that. Print price :13760.00 INR (in India)(For Printed copies please contact BSBEdge.)",withdrawn,CED 46,1,,N/A,N/A,,https://standardsbis.bsbedge.com/BIS_Preview.aspx?id=sp7,sp7
IS 8 : 1994,High Heat Duty Fireclay Refractories,Active,MTD 15,0,2022,N/A,N/A,IS 8 : 1994 High heat duty fireclay refractories UDC 677.12.072.68 MTD 15 Reaffirmed 2022 1 Scope This standard covers the requirements for two types of high heatduty burnt fireclay refractories for general purposes. 2 References IS 1335 :1979 Methods for direct determination of alumina inrefractory materials IS 1387 :1993 General requirements for the supply ofmetallurgical materials IS 1527 :1972 Methods of chemical analysis of high silicarefractory materials IS1528Methods of sampling and physical tests forrefractory materials Part 1 :1980 Part 1 Determination of pyrometric coneequivalent (PCE) or softening point Part 2 :1974 Part 2 Determination of refractoriness under load Part 3 :1983 Part 3 Determination of spalling resistance Part 4 :1974 Part 4 Determination of cold crushing strength Part 6 :1974 Part 6 Determination of permanent change afterreheating Part 7 :1974 Part 7 Methods of sampling and criteria forconformity Part 8 :1974 Part 8 Determination of apparent porosity | 1 Scope This standard covers the requirements for two types of high heatduty burnt fireclay refractories for general purposes. 2 References IS 1335 :1979 Methods for direct determination of alumina inrefractory materials IS 1387 :1993 General requirements for the supply ofmetallurgical materials IS 1527 :1972 Methods of chemical analysis of high silicarefractory materials IS1528Methods of sampling and physical tests forrefractory materials Part 1 :1980 Part 1 Determination of pyrometric coneequivalent (PCE) or softening point Part 2 :1974 Part 2 Determination of refractoriness under load Part 3 :1983 Part 3 Determination of spalling resistance Part 4 :1974 Part 4 Determination of cold crushing strength Part 6 :1974 Part 6 Determination of permanent change afterreheating Part 7 :1974 Part 7 Methods of sampling and criteria forconformity Part 8 :1974 Part 8 Determination of apparent porosity | This standard covers the requirements for two types of high heatduty burnt fireclay refractories for general purposes. 2 References IS 1335 :1979 Methods for direct determination of alumina inrefractory materials IS 1387 :1993 General requirements for the supply ofmetallurgical materials IS 1527 :1972 Methods of chemical analysis of high silicarefractory materials IS1528Methods of sampling and physical tests forrefractory materials Part 1 :1980 Part 1 Determination of pyrometric coneequivalent (PCE) or softening point Part 2 :1974 Part 2 Determination of refractoriness under load Part 3 :1983 Part 3 Determination of spalling resistance Part 4 :1974 Part 4 Determination of cold crushing strength Part 6 :1974 Part 6 Determination of permanent change afterreheating Part 7 :1974 Part 7 Methods of sampling and criteria forconformity Part 8 :1974 Part 8 Determination of apparent porosity | 2 References IS 1335 :1979 Methods for direct determination of alumina inrefractory materials IS 1387 :1993 General requirements for the supply ofmetallurgical materials IS 1527 :1972 Methods of chemical analysis of high silicarefractory materials IS1528Methods of sampling and physical tests forrefractory materials Part 1 :1980 Part 1 Determination of pyrometric coneequivalent (PCE) or softening point Part 2 :1974 Part 2 Determination of refractoriness under load Part 3 :1983 Part 3 Determination of spalling resistance Part 4 :1974 Part 4 Determination of cold crushing strength Part 6 :1974 Part 6 Determination of permanent change afterreheating Part 7 :1974 Part 7 Methods of sampling and criteria forconformity Part 8 :1974 Part 8 Determination of apparent porosity | IS 1335 :1979 Methods for direct determination of alumina inrefractory materials IS 1387 :1993 General requirements for the supply ofmetallurgical materials IS 1527 :1972 Methods of chemical analysis of high silicarefractory materials IS1528Methods of sampling and physical tests forrefractory materials Part 1 :1980 Part 1 Determination of pyrometric coneequivalent (PCE) or softening point Part 2 :1974 Part 2 Determination of refractoriness under load Part 3 :1983 Part 3 Determination of spalling resistance Part 4 :1974 Part 4 Determination of cold crushing strength Part 6 :1974 Part 6 Determination of permanent change afterreheating Part 7 :1974 Part 7 Methods of sampling and criteria forconformity Part 8 :1974 Part 8 Determination of apparent porosity | IS 1387 :1993 General requirements for the supply ofmetallurgical materials IS 1527 :1972 Methods of chemical analysis of high silicarefractory materials IS1528Methods of sampling and physical tests forrefractory materials Part 1 :1980 Part 1 Determination of pyrometric coneequivalent (PCE) or softening point Part 2 :1974 Part 2 Determination of refractoriness under load Part 3 :1983 Part 3 Determination of spalling resistance Part 4 :1974 Part 4 Determination of cold crushing strength Part 6 :1974 Part 6 Determination of permanent change afterreheating Part 7 :1974 Part 7 Methods of sampling and criteria forconformity Part 8 :1974 Part 8 Determination of apparent porosity | IS 1527 :1972 Methods of chemical analysis of high silicarefractory materials IS1528Methods of sampling and physical tests forrefractory materials Part 1 :1980 Part 1 Determination of pyrometric coneequivalent (PCE) or softening point Part 2 :1974 Part 2 Determination of refractoriness under load Part 3 :1983 Part 3 Determination of spalling resistance Part 4 :1974 Part 4 Determination of cold crushing strength Part 6 :1974 Part 6 Determination of permanent change afterreheating Part 7 :1974 Part 7 Methods of sampling and criteria forconformity Part 8 :1974 Part 8 Determination of apparent porosity | IS1528Methods of sampling and physical tests forrefractory materials Part 1 :1980 Part 1 Determination of pyrometric coneequivalent (PCE) or softening point Part 2 :1974 Part 2 Determination of refractoriness under load Part 3 :1983 Part 3 Determination of spalling resistance Part 4 :1974 Part 4 Determination of cold crushing strength Part 6 :1974 Part 6 Determination of permanent change afterreheating Part 7 :1974 Part 7 Methods of sampling and criteria forconformity Part 8 :1974 Part 8 Determination of apparent porosity,https://standardsbis.bsbedge.com/BIS_Preview.aspx?id=8_1994_reff2022,8_1994_reff2022
IS 9 : 2019 ( ISO 675 : 2014),Textiles — Woven Fabrics — Determination of Dimensional Change on Commercial Laundering Near the Boiling Point ( Third Revision ),Active,TXD 5,0,2023,₹ 180.00,"₹ 1,800.00","This standard was first published in 1949 and subsequently revised in 1963, 1982. The third revision of this standard has been undertaken to align it with the latest version of ISO 675 : 2014. Dimensional change of all types of woven fabrics after commercial laundering near the boiling point is very important performance requirement from the view point of user or consumer. It is, therefore, considered necessary that Indian Standard on this subject is completely harmonized with International Standard (ISO). This standard finds application in determination of dimensional change on commercial laundering of textile materials near the boiling point. The text of ISO standard has been approved as suitable for publication as an Indian Standard without deviations. Certain terminologies and conventions are, however, not identical to those used in Indian Standards. Attention is particularly drawn to the following: a) Wherever the words ‘International Standard’ appear referring to this standard, they should be read as ‘Indian Standard’. b) Comma (,) has been used as a decimal marker, while in Indian Standards, the current practice is to use a point (.) as the decimal marker. | Dimensional change of all types of woven fabrics after commercial laundering near the boiling point is very important performance requirement from the view point of user or consumer. It is, therefore, considered necessary that Indian Standard on this subject is completely harmonized with International Standard (ISO). This standard finds application in determination of dimensional change on commercial laundering of textile materials near the boiling point. The text of ISO standard has been approved as suitable for publication as an Indian Standard without deviations. Certain terminologies and conventions are, however, not identical to those used in Indian Standards. Attention is particularly drawn to the following: a) Wherever the words ‘International Standard’ appear referring to this standard, they should be read as ‘Indian Standard’. b) Comma (,) has been used as a decimal marker, while in Indian Standards, the current practice is to use a point (.) as the decimal marker. | This standard finds application in determination of dimensional change on commercial laundering of textile materials near the boiling point. The text of ISO standard has been approved as suitable for publication as an Indian Standard without deviations. Certain terminologies and conventions are, however, not identical to those used in Indian Standards. Attention is particularly drawn to the following: a) Wherever the words ‘International Standard’ appear referring to this standard, they should be read as ‘Indian Standard’. b) Comma (,) has been used as a decimal marker, while in Indian Standards, the current practice is to use a point (.) as the decimal marker. | The text of ISO standard has been approved as suitable for publication as an Indian Standard without deviations. Certain terminologies and conventions are, however, not identical to those used in Indian Standards. Attention is particularly drawn to the following: a) Wherever the words ‘International Standard’ appear referring to this standard, they should be read as ‘Indian Standard’. b) Comma (,) has been used as a decimal marker, while in Indian Standards, the current practice is to use a point (.) as the decimal marker. | a) Wherever the words ‘International Standard’ appear referring to this standard, they should be read as ‘Indian Standard’. b) Comma (,) has been used as a decimal marker, while in Indian Standards, the current practice is to use a point (.) as the decimal marker. | b) Comma (,) has been used as a decimal marker, while in Indian Standards, the current practice is to use a point (.) as the decimal marker.",https://standardsbis.bsbedge.com/BIS_Preview.aspx?id=9_2019_reaff2023,9_2019_reaff2023
